"../../../Engine/Plugins/2D/Paper2D/Content/PlaceholderTextures/DummySpriteTexture.uasset" 0
"../../../Engine/Plugins/2D/Paper2D/Content/PlaceholderTextures/DummySpriteTexture.ubulk" 1
"../../../Engine/Plugins/2D/Paper2D/Content/PlaceholderTextures/DummySpriteTexture.uexp" 2
"../../../Engine/Plugins/2D/Paper2D/Content/DummySprite.uasset" 3
"../../../Engine/Plugins/2D/Paper2D/Content/DummySprite.uexp" 4
"../../../Engine/Plugins/2D/Paper2D/Content/DefaultPaperTerrainMaterial.uasset" 5
"../../../Engine/Plugins/2D/Paper2D/Content/DefaultPaperTerrainMaterial.uexp" 6
"../../../Engine/Plugins/Interchange/Runtime/Content/Pipelines/DefaultSceneLevelPipeline.uasset" 7
"../../../Engine/Plugins/Interchange/Runtime/Content/Pipelines/DefaultSceneLevelPipeline.uexp" 8
"../../../Engine/Plugins/Interchange/Runtime/Content/Pipelines/DefaultTexturePipeline.uasset" 9
"../../../Engine/Plugins/Interchange/Runtime/Content/Pipelines/DefaultTexturePipeline.uexp" 10
"../../../Engine/Content/EngineFonts/Faces/DroidSansFallback.uasset" 11
"../../../Engine/Content/EngineFonts/Faces/DroidSansFallback.ufont" 12
"../../../Engine/Content/EngineFonts/Faces/DroidSansFallback.uexp" 13
"../../../Engine/Content/EngineFonts/Faces/RobotoBold.uasset" 14
"../../../Engine/Content/EngineFonts/Faces/RobotoBold.ufont" 15
"../../../Engine/Content/EngineFonts/Faces/RobotoBold.uexp" 16
"../../../Engine/Content/EngineFonts/Faces/RobotoBoldItalic.uasset" 17
"../../../Engine/Content/EngineFonts/Faces/RobotoBoldItalic.ufont" 18
"../../../Engine/Content/EngineFonts/Faces/RobotoBoldItalic.uexp" 19
"../../../Engine/Content/EngineFonts/Faces/RobotoItalic.uasset" 20
"../../../Engine/Content/EngineFonts/Faces/RobotoItalic.ufont" 21
"../../../Engine/Content/EngineFonts/Faces/RobotoItalic.uexp" 22
"../../../Engine/Content/EngineFonts/Faces/RobotoLight.uasset" 23
"../../../Engine/Content/EngineFonts/Faces/RobotoLight.ufont" 24
"../../../Engine/Content/EngineFonts/Faces/RobotoLight.uexp" 25
"../../../Engine/Content/EngineFonts/Faces/RobotoRegular.uasset" 26
"../../../Engine/Content/EngineFonts/Faces/RobotoRegular.ufont" 27
"../../../Engine/Content/EngineFonts/Faces/RobotoRegular.uexp" 28
"../../../Engine/Content/EngineFonts/Roboto.uasset" 29
"../../../Engine/Content/EngineFonts/Roboto.uexp" 30
"../../../Engine/Content/EngineMaterials/DefaultDestructiblePhysicalMaterial.uasset" 31
"../../../Engine/Content/EngineMaterials/DefaultDestructiblePhysicalMaterial.uexp" 32
"../../../Engine/Content/EngineMaterials/DefaultPhysicalMaterial.uasset" 33
"../../../Engine/Content/EngineMaterials/DefaultPhysicalMaterial.uexp" 34
"../../../Engine/Content/EngineSounds/Master.uasset" 35
"../../../Engine/Content/EngineSounds/Master.uexp" 36
"../../../Engine/Plugins/Interchange/Runtime/Content/Pipelines/DefaultAssetsPipeline.uasset" 37
"../../../Engine/Plugins/Interchange/Runtime/Content/Pipelines/DefaultAssetsPipeline.uexp" 38
"../../../Engine/Plugins/Interchange/Runtime/Content/Pipelines/DefaultAudioPipeline.uasset" 39
"../../../Engine/Plugins/Interchange/Runtime/Content/Pipelines/DefaultAudioPipeline.uexp" 40
"../../../Engine/Plugins/Interchange/Runtime/Content/Pipelines/DefaultGLTFAssetsPipeline.uasset" 41
"../../../Engine/Plugins/Interchange/Runtime/Content/Pipelines/DefaultGLTFAssetsPipeline.uexp" 42
"../../../Engine/Plugins/Interchange/Runtime/Content/Pipelines/DefaultGLTFPipeline.uasset" 43
"../../../Engine/Plugins/Interchange/Runtime/Content/Pipelines/DefaultGLTFPipeline.uexp" 44
"../../../Engine/Plugins/Interchange/Runtime/Content/Pipelines/DefaultGLTFSceneAssetsPipeline.uasset" 45
"../../../Engine/Plugins/Interchange/Runtime/Content/Pipelines/DefaultGLTFSceneAssetsPipeline.uexp" 46
"../../../Engine/Plugins/Interchange/Runtime/Content/Pipelines/DefaultMaterialPipeline.uasset" 47
"../../../Engine/Plugins/Interchange/Runtime/Content/Pipelines/DefaultMaterialPipeline.uexp" 48
"../../../Engine/Plugins/Interchange/Runtime/Content/Pipelines/DefaultMaterialXPipeline.uasset" 49
"../../../Engine/Plugins/Interchange/Runtime/Content/Pipelines/DefaultMaterialXPipeline.uexp" 50
"../../../Engine/Plugins/Interchange/Runtime/Content/Pipelines/DefaultSceneAssetsPipeline.uasset" 51
"../../../Engine/Plugins/Interchange/Runtime/Content/Pipelines/DefaultSceneAssetsPipeline.uexp" 52
"../../../Engine/Plugins/Fab/Content/MaterialFunctions/QMF_AOAdjustments.uasset" 53
"../../../Engine/Plugins/Fab/Content/MaterialFunctions/QMF_AOAdjustments.uexp" 54
"../../../Engine/Plugins/Fab/Content/MaterialFunctions/QMF_BaseColorAdjustments.uasset" 55
"../../../Engine/Plugins/Fab/Content/MaterialFunctions/QMF_BaseColorAdjustments.uexp" 56
"../../../Engine/Plugins/Fab/Content/MaterialFunctions/QMF_NormalAdjustments.uasset" 57
"../../../Engine/Plugins/Fab/Content/MaterialFunctions/QMF_NormalAdjustments.uexp" 58
"../../../Engine/Plugins/Fab/Content/MaterialFunctions/QMF_RoughnessAdjustments.uasset" 59
"../../../Engine/Plugins/Fab/Content/MaterialFunctions/QMF_RoughnessAdjustments.uexp" 60
"../../../Engine/Plugins/Fab/Content/Textures/Standard/T_DefaultColor.uasset" 61
"../../../Engine/Plugins/Fab/Content/Textures/Standard/T_DefaultColor.uexp" 62
"../../../Engine/Plugins/Fab/Content/Textures/Standard/T_DefaultDisplacement.uasset" 63
"../../../Engine/Plugins/Fab/Content/Textures/Standard/T_DefaultDisplacement.uexp" 64
"../../../Engine/Plugins/Fab/Content/Textures/Standard/T_DefaultMasks.uasset" 65
"../../../Engine/Plugins/Fab/Content/Textures/Standard/T_DefaultMasks.uexp" 66
"../../../Engine/Plugins/Fab/Content/Textures/Standard/T_DefaultNormal.uasset" 67
"../../../Engine/Plugins/Fab/Content/Textures/Standard/T_DefaultNormal.uexp" 68
"../../../Engine/Plugins/Fab/Content/Materials/Standard/M_MS_Base.uasset" 69
"../../../Engine/Plugins/Fab/Content/Materials/Standard/M_MS_Base.uexp" 70
"G:/UNI/Masters/ENDGAME/MoriDistrictGame 5.7/Content/Fab/Megascans/3D/Dead_Tree_qlEtl/High/qlEtl_tier_1/Textures/T_qlEtl_4K_B.uasset" 71
"G:/UNI/Masters/ENDGAME/MoriDistrictGame 5.7/Content/Fab/Megascans/3D/Dead_Tree_qlEtl/High/qlEtl_tier_1/Textures/T_qlEtl_4K_B.ubulk" 72
"G:/UNI/Masters/ENDGAME/MoriDistrictGame 5.7/Content/Fab/Megascans/3D/Dead_Tree_qlEtl/High/qlEtl_tier_1/Textures/T_qlEtl_4K_B.uexp" 73
"G:/UNI/Masters/ENDGAME/MoriDistrictGame 5.7/Content/Fab/Megascans/3D/Dead_Tree_qlEtl/High/qlEtl_tier_1/Textures/T_qlEtl_4K_H.uasset" 74
"G:/UNI/Masters/ENDGAME/MoriDistrictGame 5.7/Content/Fab/Megascans/3D/Dead_Tree_qlEtl/High/qlEtl_tier_1/Textures/T_qlEtl_4K_H.ubulk" 75
"G:/UNI/Masters/ENDGAME/MoriDistrictGame 5.7/Content/Fab/Megascans/3D/Dead_Tree_qlEtl/High/qlEtl_tier_1/Textures/T_qlEtl_4K_H.uexp" 76
"G:/UNI/Masters/ENDGAME/MoriDistrictGame 5.7/Content/Fab/Megascans/3D/Dead_Tree_qlEtl/High/qlEtl_tier_1/Textures/T_qlEtl_4K_N.uasset" 77
"G:/UNI/Masters/ENDGAME/MoriDistrictGame 5.7/Content/Fab/Megascans/3D/Dead_Tree_qlEtl/High/qlEtl_tier_1/Textures/T_qlEtl_4K_N.ubulk" 78
"G:/UNI/Masters/ENDGAME/MoriDistrictGame 5.7/Content/Fab/Megascans/3D/Dead_Tree_qlEtl/High/qlEtl_tier_1/Textures/T_qlEtl_4K_N.uexp" 79
"G:/UNI/Masters/ENDGAME/MoriDistrictGame 5.7/Content/Fab/Megascans/3D/Dead_Tree_qlEtl/High/qlEtl_tier_1/Textures/T_qlEtl_4K_ORM.uasset" 80
"G:/UNI/Masters/ENDGAME/MoriDistrictGame 5.7/Content/Fab/Megascans/3D/Dead_Tree_qlEtl/High/qlEtl_tier_1/Textures/T_qlEtl_4K_ORM.ubulk" 81
"G:/UNI/Masters/ENDGAME/MoriDistrictGame 5.7/Content/Fab/Megascans/3D/Dead_Tree_qlEtl/High/qlEtl_tier_1/Textures/T_qlEtl_4K_ORM.uexp" 82
"G:/UNI/Masters/ENDGAME/MoriDistrictGame 5.7/Content/Fab/Megascans/3D/Dead_Tree_qlEtl/High/qlEtl_tier_1/Materials/MI_qlEtl.uasset" 83
"G:/UNI/Masters/ENDGAME/MoriDistrictGame 5.7/Content/Fab/Megascans/3D/Dead_Tree_qlEtl/High/qlEtl_tier_1/Materials/MI_qlEtl.uexp" 84
"G:/UNI/Masters/ENDGAME/MoriDistrictGame 5.7/Content/Fab/Megascans/3D/Dead_Tree_qlEtl/High/qlEtl_tier_1/StaticMeshes/qlEtl_tier_1.uasset" 85
"G:/UNI/Masters/ENDGAME/MoriDistrictGame 5.7/Content/Fab/Megascans/3D/Dead_Tree_qlEtl/High/qlEtl_tier_1/StaticMeshes/qlEtl_tier_1.ubulk" 86
"G:/UNI/Masters/ENDGAME/MoriDistrictGame 5.7/Content/Fab/Megascans/3D/Dead_Tree_qlEtl/High/qlEtl_tier_1/StaticMeshes/qlEtl_tier_1.uexp" 87
"G:/UNI/Masters/ENDGAME/MoriDistrictGame 5.7/Content/Fab/Megascans/3D/Dead_Tree_qlEtl/High/qlEtl_tier_1/StaticMeshes/qlEtl_tier_1_FoliageType.uasset" 88
"G:/UNI/Masters/ENDGAME/MoriDistrictGame 5.7/Content/Fab/Megascans/3D/Dead_Tree_qlEtl/High/qlEtl_tier_1/StaticMeshes/qlEtl_tier_1_FoliageType.uexp" 89
"../../../Engine/Plugins/NNE/NNEDenoiser/Content/NNEDTOM_Output_Default.uasset" 90
"../../../Engine/Plugins/NNE/NNEDenoiser/Content/NNEDTOM_Output_Default.uexp" 91
"../../../Engine/Plugins/NNE/NNEDenoiser/Content/NNEDTOM_Output_Alpha.uasset" 92
"../../../Engine/Plugins/NNE/NNEDenoiser/Content/NNEDTOM_Output_Alpha.uexp" 93
"../../../Engine/Plugins/NNE/NNEDenoiser/Content/NNEDTIM_ColorAlbedoNormal_Default.uasset" 94
"../../../Engine/Plugins/NNE/NNEDenoiser/Content/NNEDTIM_ColorAlbedoNormal_Default.uexp" 95
"../../../Engine/Plugins/NNE/NNEDenoiser/Content/NNEDTIM_ColorAlbedoNormal_Alpha.uasset" 96
"../../../Engine/Plugins/NNE/NNEDenoiser/Content/NNEDTIM_ColorAlbedoNormal_Alpha.uexp" 97
"../../../Engine/Plugins/NNE/NNEDenoiser/Content/NNEDOM_Output_Default.uasset" 98
"../../../Engine/Plugins/NNE/NNEDenoiser/Content/NNEDOM_Output_Default.uexp" 99
"../../../Engine/Plugins/NNE/NNEDenoiser/Content/NNEDOM_Output_Alpha.uasset" 100
"../../../Engine/Plugins/NNE/NNEDenoiser/Content/NNEDOM_Output_Alpha.uexp" 101
"../../../Engine/Plugins/NNE/NNEDenoiser/Content/NNEDIM_HighQuality_Default.uasset" 102
"../../../Engine/Plugins/NNE/NNEDenoiser/Content/NNEDIM_HighQuality_Default.uexp" 103
"../../../Engine/Plugins/NNE/NNEDenoiser/Content/NNEDIM_HighQuality_Alpha.uasset" 104
"../../../Engine/Plugins/NNE/NNEDenoiser/Content/NNEDIM_HighQuality_Alpha.uexp" 105
"../../../Engine/Plugins/NNE/NNEDenoiser/Content/NNEDIM_ColorAlbedoNormal_Default.uasset" 106
"../../../Engine/Plugins/NNE/NNEDenoiser/Content/NNEDIM_ColorAlbedoNormal_Default.uexp" 107
"../../../Engine/Plugins/NNE/NNEDenoiser/Content/NNEDIM_ColorAlbedoNormal_Alpha.uasset" 108
"../../../Engine/Plugins/NNE/NNEDenoiser/Content/NNEDIM_ColorAlbedoNormal_Alpha.uexp" 109
"G:/UNI/Masters/ENDGAME/MoriDistrictGame 5.7/Content/Characters/Mannequins/Meshes/SK_Mannequin.uasset" 110
"G:/UNI/Masters/ENDGAME/MoriDistrictGame 5.7/Content/Characters/Mannequins/Meshes/SK_Mannequin.uexp" 111
"G:/UNI/Masters/ENDGAME/MoriDistrictGame 5.7/Content/Characters/Mannequins/Rigs/PA_Mannequin.uasset" 112
"G:/UNI/Masters/ENDGAME/MoriDistrictGame 5.7/Content/Characters/Mannequins/Rigs/PA_Mannequin.uexp" 113
"../../../Engine/Content/Functions/Engine_MaterialFunctions02/Utility/BreakOutFloat2Components.uasset" 114
"../../../Engine/Content/Functions/Engine_MaterialFunctions02/Utility/BreakOutFloat2Components.uexp" 115
"../../../Engine/Content/Functions/Engine_MaterialFunctions01/Texturing/ScaleUVsByCenter.uasset" 116
"../../../Engine/Content/Functions/Engine_MaterialFunctions01/Texturing/ScaleUVsByCenter.uexp" 117
"../../../Engine/Content/Functions/Engine_MaterialFunctions01/Opacity/CameraDepthFade.uasset" 118
"../../../Engine/Content/Functions/Engine_MaterialFunctions01/Opacity/CameraDepthFade.uexp" 119
"G:/UNI/Masters/ENDGAME/MoriDistrictGame 5.7/Content/Characters/Mannequins/Textures/Manny/T_Manny_01_BN.uasset" 120
"G:/UNI/Masters/ENDGAME/MoriDistrictGame 5.7/Content/Characters/Mannequins/Textures/Manny/T_Manny_01_BN.ubulk" 121
"G:/UNI/Masters/ENDGAME/MoriDistrictGame 5.7/Content/Characters/Mannequins/Textures/Manny/T_Manny_01_BN.uexp" 122
"G:/UNI/Masters/ENDGAME/MoriDistrictGame 5.7/Content/Characters/Mannequins/Textures/Manny/T_Manny_01_D.uasset" 123
"G:/UNI/Masters/ENDGAME/MoriDistrictGame 5.7/Content/Characters/Mannequins/Textures/Manny/T_Manny_01_D.ubulk" 124
"G:/UNI/Masters/ENDGAME/MoriDistrictGame 5.7/Content/Characters/Mannequins/Textures/Manny/T_Manny_01_D.uexp" 125
"G:/UNI/Masters/ENDGAME/MoriDistrictGame 5.7/Content/Characters/Mannequins/Textures/Manny/T_Manny_01_MRA.uasset" 126
"G:/UNI/Masters/ENDGAME/MoriDistrictGame 5.7/Content/Characters/Mannequins/Textures/Manny/T_Manny_01_MRA.ubulk" 127
"G:/UNI/Masters/ENDGAME/MoriDistrictGame 5.7/Content/Characters/Mannequins/Textures/Manny/T_Manny_01_MRA.uexp" 128
"G:/UNI/Masters/ENDGAME/MoriDistrictGame 5.7/Content/Characters/Mannequins/Textures/Shared/T_UE_Logo_M.uasset" 129
"G:/UNI/Masters/ENDGAME/MoriDistrictGame 5.7/Content/Characters/Mannequins/Textures/Shared/T_UE_Logo_M.uexp" 130
"G:/UNI/Masters/ENDGAME/MoriDistrictGame 5.7/Content/Characters/Mannequins/Materials/M_Mannequin.uasset" 131
"G:/UNI/Masters/ENDGAME/MoriDistrictGame 5.7/Content/Characters/Mannequins/Materials/M_Mannequin.uexp" 132
"G:/UNI/Masters/ENDGAME/MoriDistrictGame 5.7/Content/Characters/Mannequins/Textures/Quinn/T_Quinn_01_D.uasset" 133
"G:/UNI/Masters/ENDGAME/MoriDistrictGame 5.7/Content/Characters/Mannequins/Textures/Quinn/T_Quinn_01_D.ubulk" 134
"G:/UNI/Masters/ENDGAME/MoriDistrictGame 5.7/Content/Characters/Mannequins/Textures/Quinn/T_Quinn_01_D.uexp" 135
"G:/UNI/Masters/ENDGAME/MoriDistrictGame 5.7/Content/Characters/Mannequins/Textures/Quinn/T_Quinn_01_MRA.uasset" 136
"G:/UNI/Masters/ENDGAME/MoriDistrictGame 5.7/Content/Characters/Mannequins/Textures/Quinn/T_Quinn_01_MRA.ubulk" 137
"G:/UNI/Masters/ENDGAME/MoriDistrictGame 5.7/Content/Characters/Mannequins/Textures/Quinn/T_Quinn_01_MRA.uexp" 138
"G:/UNI/Masters/ENDGAME/MoriDistrictGame 5.7/Content/Characters/Mannequins/Textures/Quinn/T_Quinn_01_N.uasset" 139
"G:/UNI/Masters/ENDGAME/MoriDistrictGame 5.7/Content/Characters/Mannequins/Textures/Quinn/T_Quinn_01_N.ubulk" 140
"G:/UNI/Masters/ENDGAME/MoriDistrictGame 5.7/Content/Characters/Mannequins/Textures/Quinn/T_Quinn_01_N.uexp" 141
"G:/UNI/Masters/ENDGAME/MoriDistrictGame 5.7/Content/Characters/Mannequins/Materials/Quinn/MI_Quinn_01.uasset" 142
"G:/UNI/Masters/ENDGAME/MoriDistrictGame 5.7/Content/Characters/Mannequins/Materials/Quinn/MI_Quinn_01.uexp" 143
"G:/UNI/Masters/ENDGAME/MoriDistrictGame 5.7/Content/Characters/Mannequins/Textures/Quinn/T_Quinn_02_D.uasset" 144
"G:/UNI/Masters/ENDGAME/MoriDistrictGame 5.7/Content/Characters/Mannequins/Textures/Quinn/T_Quinn_02_D.ubulk" 145
"G:/UNI/Masters/ENDGAME/MoriDistrictGame 5.7/Content/Characters/Mannequins/Textures/Quinn/T_Quinn_02_D.uexp" 146
"G:/UNI/Masters/ENDGAME/MoriDistrictGame 5.7/Content/Characters/Mannequins/Textures/Quinn/T_Quinn_02_MRA.uasset" 147
"G:/UNI/Masters/ENDGAME/MoriDistrictGame 5.7/Content/Characters/Mannequins/Textures/Quinn/T_Quinn_02_MRA.ubulk" 148
"G:/UNI/Masters/ENDGAME/MoriDistrictGame 5.7/Content/Characters/Mannequins/Textures/Quinn/T_Quinn_02_MRA.uexp" 149
"G:/UNI/Masters/ENDGAME/MoriDistrictGame 5.7/Content/Characters/Mannequins/Textures/Quinn/T_Quinn_02_N.uasset" 150
"G:/UNI/Masters/ENDGAME/MoriDistrictGame 5.7/Content/Characters/Mannequins/Textures/Quinn/T_Quinn_02_N.ubulk" 151
"G:/UNI/Masters/ENDGAME/MoriDistrictGame 5.7/Content/Characters/Mannequins/Textures/Quinn/T_Quinn_02_N.uexp" 152
"G:/UNI/Masters/ENDGAME/MoriDistrictGame 5.7/Content/Characters/Mannequins/Materials/Quinn/MI_Quinn_02.uasset" 153
"G:/UNI/Masters/ENDGAME/MoriDistrictGame 5.7/Content/Characters/Mannequins/Materials/Quinn/MI_Quinn_02.uexp" 154
"G:/UNI/Masters/ENDGAME/MoriDistrictGame 5.7/Content/Characters/Mannequins/Meshes/SKM_Quinn_Simple.uasset" 155
"G:/UNI/Masters/ENDGAME/MoriDistrictGame 5.7/Content/Characters/Mannequins/Meshes/SKM_Quinn_Simple.uexp" 156
"../../../Engine/Content/Functions/Engine_MaterialFunctions01/Shading/PowerToRoughness.uasset" 157
"../../../Engine/Content/Functions/Engine_MaterialFunctions01/Shading/PowerToRoughness.uexp" 158
"../../../Engine/Content/Functions/Engine_MaterialFunctions01/Shading/ConvertFromDiffSpec.uasset" 159
"../../../Engine/Content/Functions/Engine_MaterialFunctions01/Shading/ConvertFromDiffSpec.uexp" 160
"G:/UNI/Masters/ENDGAME/MoriDistrictGame 5.7/Content/LevelPrototyping/Materials/M_FlatCol.uasset" 161
"G:/UNI/Masters/ENDGAME/MoriDistrictGame 5.7/Content/LevelPrototyping/Materials/M_FlatCol.uexp" 162
"G:/UNI/Masters/ENDGAME/MoriDistrictGame 5.7/Content/LevelPrototyping/Materials/MI_DefaultColorway.uasset" 163
"G:/UNI/Masters/ENDGAME/MoriDistrictGame 5.7/Content/LevelPrototyping/Materials/MI_DefaultColorway.uexp" 164
"G:/UNI/Masters/ENDGAME/MoriDistrictGame 5.7/Content/LevelPrototyping/Interactable/Target/Assets/SM_TargetBaseMesh.uasset" 165
"G:/UNI/Masters/ENDGAME/MoriDistrictGame 5.7/Content/LevelPrototyping/Interactable/Target/Assets/SM_TargetBaseMesh.ubulk" 166
"G:/UNI/Masters/ENDGAME/MoriDistrictGame 5.7/Content/LevelPrototyping/Interactable/Target/Assets/SM_TargetBaseMesh.uexp" 167
"../../../Engine/Content/Functions/Engine_MaterialFunctions02/Utility/MakeFloat3.uasset" 168
"../../../Engine/Content/Functions/Engine_MaterialFunctions02/Utility/MakeFloat3.uexp" 169
"../../../Engine/Content/Functions/Engine_MaterialFunctions02/Utility/BreakOutFloat3Components.uasset" 170
"../../../Engine/Content/Functions/Engine_MaterialFunctions02/Utility/BreakOutFloat3Components.uexp" 171
"../../../Engine/Content/Functions/Engine_MaterialFunctions02/Math/Transform3x3Matrix.uasset" 172
"../../../Engine/Content/Functions/Engine_MaterialFunctions02/Math/Transform3x3Matrix.uexp" 173
"../../../Engine/Plugins/Interchange/Assets/Content/Utilities/New_LUT.uasset" 174
"../../../Engine/Plugins/Interchange/Assets/Content/Utilities/New_LUT.uexp" 175
"../../../Engine/Content/Functions/Engine_MaterialFunctions03/Math/RemapValueRange.uasset" 176
"../../../Engine/Content/Functions/Engine_MaterialFunctions03/Math/RemapValueRange.uexp" 177
"../../../Engine/Plugins/Interchange/Assets/Content/Functions/MF_Iridescence.uasset" 178
"../../../Engine/Plugins/Interchange/Assets/Content/Functions/MF_Iridescence.uexp" 179
"../../../Engine/Plugins/Interchange/Assets/Content/gltf/Textures/T_White_srgb.uasset" 180
"../../../Engine/Plugins/Interchange/Assets/Content/gltf/Textures/T_White_srgb.uexp" 181
"../../../Engine/Plugins/Interchange/Assets/Content/gltf/MaterialFunctions/MF_BaseColor.uasset" 182
"../../../Engine/Plugins/Interchange/Assets/Content/gltf/MaterialFunctions/MF_BaseColor.uexp" 183
"../../../Engine/Plugins/Interchange/Assets/Content/gltf/MaterialFunctions/MF_Emissive.uasset" 184
"../../../Engine/Plugins/Interchange/Assets/Content/gltf/MaterialFunctions/MF_Emissive.uexp" 185
"../../../Engine/Plugins/Interchange/Assets/Content/gltf/MaterialFunctions/MF_IOR.uasset" 186
"../../../Engine/Plugins/Interchange/Assets/Content/gltf/MaterialFunctions/MF_IOR.uexp" 187
"../../../Engine/Plugins/Interchange/Assets/Content/Functions/MF_IridescenceNoLUT.uasset" 188
"../../../Engine/Plugins/Interchange/Assets/Content/Functions/MF_IridescenceNoLUT.uexp" 189
"../../../Engine/Plugins/Interchange/Assets/Content/gltf/MaterialFunctions/MF_Iridescence.uasset" 190
"../../../Engine/Plugins/Interchange/Assets/Content/gltf/MaterialFunctions/MF_Iridescence.uexp" 191
"../../../Engine/Plugins/Interchange/Assets/Content/gltf/Textures/T_White_Linear.uasset" 192
"../../../Engine/Plugins/Interchange/Assets/Content/gltf/Textures/T_White_Linear.uexp" 193
"../../../Engine/Plugins/Interchange/Assets/Content/gltf/MaterialFunctions/MF_MetallicRoughness.uasset" 194
"../../../Engine/Plugins/Interchange/Assets/Content/gltf/MaterialFunctions/MF_MetallicRoughness.uexp" 195
"../../../Engine/Plugins/Interchange/Assets/Content/gltf/MaterialFunctions/MF_RotateNormals_TS.uasset" 196
"../../../Engine/Plugins/Interchange/Assets/Content/gltf/MaterialFunctions/MF_RotateNormals_TS.uexp" 197
"../../../Engine/Plugins/Interchange/Assets/Content/gltf/MaterialFunctions/MF_ScaleNormal.uasset" 198
"../../../Engine/Plugins/Interchange/Assets/Content/gltf/MaterialFunctions/MF_ScaleNormal.uexp" 199
"../../../Engine/Plugins/Interchange/Assets/Content/gltf/Textures/T_Generic_N.uasset" 200
"../../../Engine/Plugins/Interchange/Assets/Content/gltf/Textures/T_Generic_N.uexp" 201
"../../../Engine/Plugins/Interchange/Assets/Content/gltf/MaterialFunctions/MF_Normals.uasset" 202
"../../../Engine/Plugins/Interchange/Assets/Content/gltf/MaterialFunctions/MF_Normals.uexp" 203
"../../../Engine/Plugins/Interchange/Assets/Content/gltf/MaterialFunctions/MF_Occlusion.uasset" 204
"../../../Engine/Plugins/Interchange/Assets/Content/gltf/MaterialFunctions/MF_Occlusion.uexp" 205
"../../../Engine/Plugins/Interchange/Assets/Content/gltf/MaterialFunctions/MF_RotateV2.uasset" 206
"../../../Engine/Plugins/Interchange/Assets/Content/gltf/MaterialFunctions/MF_RotateV2.uexp" 207
"../../../Engine/Plugins/Interchange/Assets/Content/gltf/MaterialFunctions/MF_Specular.uasset" 208
"../../../Engine/Plugins/Interchange/Assets/Content/gltf/MaterialFunctions/MF_Specular.uexp" 209
"../../../Engine/Plugins/Interchange/Assets/Content/gltf/Textures/T_Anisotropy_Direction_Linear.uasset" 210
"../../../Engine/Plugins/Interchange/Assets/Content/gltf/Textures/T_Anisotropy_Direction_Linear.uexp" 211
"../../../Engine/Plugins/Interchange/Assets/Content/gltf/MaterialFunctions/MF_SpecularAnisotropy.uasset" 212
"../../../Engine/Plugins/Interchange/Assets/Content/gltf/MaterialFunctions/MF_SpecularAnisotropy.uexp" 213
"../../../Engine/Plugins/Interchange/Assets/Content/gltf/MaterialFunctions/MF_TransformUVs.uasset" 214
"../../../Engine/Plugins/Interchange/Assets/Content/gltf/MaterialFunctions/MF_TransformUVs.uexp" 215
"../../../Engine/Plugins/Interchange/Assets/Content/gltf/MaterialBodies/MF_Default_Body.uasset" 216
"../../../Engine/Plugins/Interchange/Assets/Content/gltf/MaterialBodies/MF_Default_Body.uexp" 217
"../../../Engine/Plugins/Interchange/Assets/Content/gltf/M_Default.uasset" 218
"../../../Engine/Plugins/Interchange/Assets/Content/gltf/M_Default.uexp" 219
"../../../Engine/Plugins/Interchange/Assets/Content/gltf/MaterialInstances/MI_Default_Opaque_DS.uasset" 220
"../../../Engine/Plugins/Interchange/Assets/Content/gltf/MaterialInstances/MI_Default_Opaque_DS.uexp" 221
"G:/UNI/Masters/ENDGAME/MoriDistrictGame 5.7/Content/Fab/Crown/crown/Textures/crown_texture_0.uasset" 222
"G:/UNI/Masters/ENDGAME/MoriDistrictGame 5.7/Content/Fab/Crown/crown/Textures/crown_texture_0.ubulk" 223
"G:/UNI/Masters/ENDGAME/MoriDistrictGame 5.7/Content/Fab/Crown/crown/Textures/crown_texture_0.uexp" 224
"G:/UNI/Masters/ENDGAME/MoriDistrictGame 5.7/Content/Fab/Crown/crown/Textures/crown_texture_1.uasset" 225
"G:/UNI/Masters/ENDGAME/MoriDistrictGame 5.7/Content/Fab/Crown/crown/Textures/crown_texture_1.ubulk" 226
"G:/UNI/Masters/ENDGAME/MoriDistrictGame 5.7/Content/Fab/Crown/crown/Textures/crown_texture_1.uexp" 227
"G:/UNI/Masters/ENDGAME/MoriDistrictGame 5.7/Content/Fab/Crown/crown/Textures/crown_texture_2.uasset" 228
"G:/UNI/Masters/ENDGAME/MoriDistrictGame 5.7/Content/Fab/Crown/crown/Textures/crown_texture_2.ubulk" 229
"G:/UNI/Masters/ENDGAME/MoriDistrictGame 5.7/Content/Fab/Crown/crown/Textures/crown_texture_2.uexp" 230
"G:/UNI/Masters/ENDGAME/MoriDistrictGame 5.7/Content/Fab/Crown/crown/Materials/Crown.uasset" 231
"G:/UNI/Masters/ENDGAME/MoriDistrictGame 5.7/Content/Fab/Crown/crown/Materials/Crown.uexp" 232
"G:/UNI/Masters/ENDGAME/MoriDistrictGame 5.7/Content/Fab/Crown/crown/StaticMeshes/crown.uasset" 233
"G:/UNI/Masters/ENDGAME/MoriDistrictGame 5.7/Content/Fab/Crown/crown/StaticMeshes/crown.ubulk" 234
"G:/UNI/Masters/ENDGAME/MoriDistrictGame 5.7/Content/Fab/Crown/crown/StaticMeshes/crown.uexp" 235
"../../../Engine/Content/EngineMaterials/Substrate/Volume/SubstrateSimpleVolumeLUT3D.uasset" 236
"../../../Engine/Content/EngineMaterials/Substrate/Volume/SubstrateSimpleVolumeLUT3D.uexp" 237
"../../../Engine/Content/EngineMaterials/Substrate/Volume/SubstrateSimpleVolumeEnvLUT3D.uasset" 238
"../../../Engine/Content/EngineMaterials/Substrate/Volume/SubstrateSimpleVolumeEnvLUT3D.uexp" 239
"../../../Engine/Content/EngineMaterials/Substrate/Glints2/AGlintTex2dArray2.uasset" 240
"../../../Engine/Content/EngineMaterials/Substrate/Glints2/AGlintTex2dArray2.uexp" 241
"../../../Engine/Plugins/Interchange/Assets/Content/gltf/MaterialFunctions/MF_Sheen.uasset" 242
"../../../Engine/Plugins/Interchange/Assets/Content/gltf/MaterialFunctions/MF_Sheen.uexp" 243
"../../../Engine/Plugins/Interchange/Assets/Content/gltf/MaterialBodies/MF_Sheen_Body.uasset" 244
"../../../Engine/Plugins/Interchange/Assets/Content/gltf/MaterialBodies/MF_Sheen_Body.uexp" 245
"../../../Engine/Plugins/Interchange/Assets/Content/gltf/M_Sheen.uasset" 246
"../../../Engine/Plugins/Interchange/Assets/Content/gltf/M_Sheen.uexp" 247
"../../../Engine/Plugins/Interchange/Assets/Content/gltf/MaterialInstances/MI_Sheen_Opaque_DS.uasset" 248
"../../../Engine/Plugins/Interchange/Assets/Content/gltf/MaterialInstances/MI_Sheen_Opaque_DS.uexp" 249
"../../../Engine/Plugins/Interchange/Assets/Content/gltf/MaterialInstances/MI_Sheen_Opaque.uasset" 250
"../../../Engine/Plugins/Interchange/Assets/Content/gltf/MaterialInstances/MI_Sheen_Opaque.uexp" 251
"../../../Engine/Plugins/Interchange/Assets/Content/gltf/MaterialInstances/MI_Sheen_Mask_DS.uasset" 252
"../../../Engine/Plugins/Interchange/Assets/Content/gltf/MaterialInstances/MI_Sheen_Mask_DS.uexp" 253
"../../../Engine/Plugins/Interchange/Assets/Content/gltf/MaterialInstances/MI_Sheen_Mask.uasset" 254
"../../../Engine/Plugins/Interchange/Assets/Content/gltf/MaterialInstances/MI_Sheen_Mask.uexp" 255
"../../../Engine/Plugins/Interchange/Assets/Content/gltf/MaterialInstances/MI_Sheen_Blend_DS.uasset" 256
"../../../Engine/Plugins/Interchange/Assets/Content/gltf/MaterialInstances/MI_Sheen_Blend_DS.uexp" 257
"../../../Engine/Plugins/Interchange/Assets/Content/gltf/MaterialInstances/MI_Sheen_Blend.uasset" 258
"../../../Engine/Plugins/Interchange/Assets/Content/gltf/MaterialInstances/MI_Sheen_Blend.uexp" 259
"../../../Engine/Plugins/Interchange/Assets/Content/gltf/MaterialInstances/MI_Default_Opaque.uasset" 260
"../../../Engine/Plugins/Interchange/Assets/Content/gltf/MaterialInstances/MI_Default_Opaque.uexp" 261
"../../../Engine/Plugins/Interchange/Assets/Content/gltf/MaterialInstances/MI_Default_Mask_DS.uasset" 262
"../../../Engine/Plugins/Interchange/Assets/Content/gltf/MaterialInstances/MI_Default_Mask_DS.uexp" 263
"../../../Engine/Plugins/Interchange/Assets/Content/gltf/MaterialInstances/MI_Default_Mask.uasset" 264
"../../../Engine/Plugins/Interchange/Assets/Content/gltf/MaterialInstances/MI_Default_Mask.uexp" 265
"../../../Engine/Plugins/Interchange/Assets/Content/gltf/MaterialInstances/MI_Default_Blend_DS.uasset" 266
"../../../Engine/Plugins/Interchange/Assets/Content/gltf/MaterialInstances/MI_Default_Blend_DS.uexp" 267
"../../../Engine/Plugins/Interchange/Assets/Content/gltf/MaterialInstances/MI_Default_Blend.uasset" 268
"../../../Engine/Plugins/Interchange/Assets/Content/gltf/MaterialInstances/MI_Default_Blend.uexp" 269
"../../../Engine/Content/EngineResources/DefaultTexture.uasset" 270
"../../../Engine/Content/EngineResources/DefaultTexture.ubulk" 271
"../../../Engine/Content/EngineResources/DefaultTexture.uexp" 272
"../../../Engine/Content/EngineMaterials/DefaultNormal.uasset" 273
"../../../Engine/Content/EngineMaterials/DefaultNormal.ubulk" 274
"../../../Engine/Content/EngineMaterials/DefaultNormal.uexp" 275
"../../../Engine/Content/EngineMaterials/BaseFlattenLinearColor.uasset" 276
"../../../Engine/Content/EngineMaterials/BaseFlattenLinearColor.uexp" 277
"../../../Engine/Content/Functions/Engine_MaterialFunctions03/Procedurals/NormalFromHeightmap.uasset" 278
"../../../Engine/Content/Functions/Engine_MaterialFunctions03/Procedurals/NormalFromHeightmap.uexp" 279
"../../../Engine/Plugins/Interchange/Assets/Content/Functions/MF_PhongToMetalRoughness.uasset" 280
"../../../Engine/Plugins/Interchange/Assets/Content/Functions/MF_PhongToMetalRoughness.uexp" 281
"../../../Engine/Plugins/Interchange/Assets/Content/Materials/FBXLegacyPhongSurfaceMaterial.uasset" 282
"../../../Engine/Plugins/Interchange/Assets/Content/Materials/FBXLegacyPhongSurfaceMaterial.uexp" 283
"G:/UNI/Masters/ENDGAME/MoriDistrictGame 5.7/Content/SketFab/Treeman/body.uasset" 284
"G:/UNI/Masters/ENDGAME/MoriDistrictGame 5.7/Content/SketFab/Treeman/body.uexp" 285
"G:/UNI/Masters/ENDGAME/MoriDistrictGame 5.7/Content/SketFab/Treeman/The_angel_Skeleton.uasset" 286
"G:/UNI/Masters/ENDGAME/MoriDistrictGame 5.7/Content/SketFab/Treeman/The_angel_Skeleton.uexp" 287
"G:/UNI/Masters/ENDGAME/MoriDistrictGame 5.7/Content/SketFab/Treeman/The_angel_PhysicsAsset.uasset" 288
"G:/UNI/Masters/ENDGAME/MoriDistrictGame 5.7/Content/SketFab/Treeman/The_angel_PhysicsAsset.uexp" 289
"G:/UNI/Masters/ENDGAME/MoriDistrictGame 5.7/Content/SketFab/Treeman/The_angel.uasset" 290
"G:/UNI/Masters/ENDGAME/MoriDistrictGame 5.7/Content/SketFab/Treeman/The_angel.uexp" 291
"../../../Engine/Content/Functions/Engine_MaterialFunctions01/Texturing/FlattenNormal.uasset" 292
"../../../Engine/Content/Functions/Engine_MaterialFunctions01/Texturing/FlattenNormal.uexp" 293
"../../../Engine/Plugins/Interchange/Assets/Content/gltf/MaterialFunctions/MF_Clearcoat.uasset" 294
"../../../Engine/Plugins/Interchange/Assets/Content/gltf/MaterialFunctions/MF_Clearcoat.uexp" 295
"../../../Engine/Plugins/Interchange/Assets/Content/gltf/MaterialBodies/MF_ClearCoat_Body.uasset" 296
"../../../Engine/Plugins/Interchange/Assets/Content/gltf/MaterialBodies/MF_ClearCoat_Body.uexp" 297
"../../../Engine/Plugins/Interchange/Assets/Content/gltf/M_ClearCoat.uasset" 298
"../../../Engine/Plugins/Interchange/Assets/Content/gltf/M_ClearCoat.uexp" 299
"../../../Engine/Plugins/Interchange/Assets/Content/gltf/MaterialInstances/MI_ClearCoat_Opaque_DS.uasset" 300
"../../../Engine/Plugins/Interchange/Assets/Content/gltf/MaterialInstances/MI_ClearCoat_Opaque_DS.uexp" 301
"../../../Engine/Plugins/Interchange/Assets/Content/gltf/MaterialInstances/MI_ClearCoat_Opaque.uasset" 302
"../../../Engine/Plugins/Interchange/Assets/Content/gltf/MaterialInstances/MI_ClearCoat_Opaque.uexp" 303
"../../../Engine/Plugins/Animation/ACLPlugin/Content/ACLAnimBoneCompressionSettings.uasset" 304
"../../../Engine/Plugins/Animation/ACLPlugin/Content/ACLAnimBoneCompressionSettings.uexp" 305
"../../../Engine/Plugins/Animation/ACLPlugin/Content/ACLAnimCurveCompressionSettings.uasset" 306
"../../../Engine/Plugins/Animation/ACLPlugin/Content/ACLAnimCurveCompressionSettings.uexp" 307
"../../../Engine/Content/Animation/DefaultVariableFrameStrippingSettings.uasset" 308
"../../../Engine/Content/Animation/DefaultVariableFrameStrippingSettings.uexp" 309
"G:/UNI/Masters/ENDGAME/MoriDistrictGame 5.7/Content/SketFab/Treeman/The_angelthe_angel_reference_skeleton_0000.uasset" 310
"G:/UNI/Masters/ENDGAME/MoriDistrictGame 5.7/Content/SketFab/Treeman/The_angelthe_angel_reference_skeleton_0000.uexp" 311
"G:/UNI/Masters/ENDGAME/MoriDistrictGame 5.7/Content/SketFab/Treeman/The_angelthe_angel_reference_skeleton_0500.uasset" 312
"G:/UNI/Masters/ENDGAME/MoriDistrictGame 5.7/Content/SketFab/Treeman/The_angelthe_angel_reference_skeleton_0500.uexp" 313
"G:/UNI/Masters/ENDGAME/MoriDistrictGame 5.7/Content/SketFab/Treeman/BS_angelMove.uasset" 314
"G:/UNI/Masters/ENDGAME/MoriDistrictGame 5.7/Content/SketFab/Treeman/BS_angelMove.uexp" 315
"G:/UNI/Masters/ENDGAME/MoriDistrictGame 5.7/Content/SketFab/Treeman/BP_Angel.uasset" 316
"G:/UNI/Masters/ENDGAME/MoriDistrictGame 5.7/Content/SketFab/Treeman/BP_Angel.uexp" 317
"../../../Engine/Plugins/Interchange/Assets/Content/gltf/MaterialInstances/MI_ClearCoat_Mask_DS.uasset" 318
"../../../Engine/Plugins/Interchange/Assets/Content/gltf/MaterialInstances/MI_ClearCoat_Mask_DS.uexp" 319
"../../../Engine/Plugins/Interchange/Assets/Content/gltf/MaterialInstances/MI_ClearCoat_Mask.uasset" 320
"../../../Engine/Plugins/Interchange/Assets/Content/gltf/MaterialInstances/MI_ClearCoat_Mask.uexp" 321
"../../../Engine/Plugins/Interchange/Assets/Content/gltf/MaterialInstances/MI_ClearCoat_Blend_DS.uasset" 322
"../../../Engine/Plugins/Interchange/Assets/Content/gltf/MaterialInstances/MI_ClearCoat_Blend_DS.uexp" 323
"../../../Engine/Plugins/Interchange/Assets/Content/gltf/MaterialInstances/MI_ClearCoat_Blend.uasset" 324
"../../../Engine/Plugins/Interchange/Assets/Content/gltf/MaterialInstances/MI_ClearCoat_Blend.uexp" 325
"../../../Engine/Content/EngineMaterials/Substrate/GLints/AGlintTex2dArray.uasset" 326
"../../../Engine/Content/EngineMaterials/Substrate/GLints/AGlintTex2dArray.uexp" 327
"G:/UNI/Masters/ENDGAME/MoriDistrictGame 5.7/Content/SketFab/thatsnotnormal/body.uasset" 328
"G:/UNI/Masters/ENDGAME/MoriDistrictGame 5.7/Content/SketFab/thatsnotnormal/body.uexp" 329
"G:/UNI/Masters/ENDGAME/MoriDistrictGame 5.7/Content/SketFab/thatsnotnormal/Breaking_News_HD__1_111___1__Skeleton.uasset" 330
"G:/UNI/Masters/ENDGAME/MoriDistrictGame 5.7/Content/SketFab/thatsnotnormal/Breaking_News_HD__1_111___1__Skeleton.uexp" 331
"G:/UNI/Masters/ENDGAME/MoriDistrictGame 5.7/Content/SketFab/thatsnotnormal/Breaking_News_HD__1_111___1__PhysicsAsset.uasset" 332
"G:/UNI/Masters/ENDGAME/MoriDistrictGame 5.7/Content/SketFab/thatsnotnormal/Breaking_News_HD__1_111___1__PhysicsAsset.uexp" 333
"G:/UNI/Masters/ENDGAME/MoriDistrictGame 5.7/Content/SketFab/thatsnotnormal/Breaking_News_HD__1_111___1_.uasset" 334
"G:/UNI/Masters/ENDGAME/MoriDistrictGame 5.7/Content/SketFab/thatsnotnormal/Breaking_News_HD__1_111___1_.uexp" 335
"G:/UNI/Masters/ENDGAME/MoriDistrictGame 5.7/Content/SketFab/thatsnotnormal/Breaking_News_HD__1_111___1_breakingnews_vb_breakingnews_ref_skeleton_idle.uasset" 336
"G:/UNI/Masters/ENDGAME/MoriDistrictGame 5.7/Content/SketFab/thatsnotnormal/Breaking_News_HD__1_111___1_breakingnews_vb_breakingnews_ref_skeleton_idle.uexp" 337
"G:/UNI/Masters/ENDGAME/MoriDistrictGame 5.7/Content/SketFab/thatsnotnormal/Breaking_News_HD__1_111___1_breakingnews_vb_breakingnews_ref_skeleton_walk.uasset" 338
"G:/UNI/Masters/ENDGAME/MoriDistrictGame 5.7/Content/SketFab/thatsnotnormal/Breaking_News_HD__1_111___1_breakingnews_vb_breakingnews_ref_skeleton_walk.uexp" 339
"G:/UNI/Masters/ENDGAME/MoriDistrictGame 5.7/Content/SketFab/thatsnotnormal/BS_Newsman_idle.uasset" 340
"G:/UNI/Masters/ENDGAME/MoriDistrictGame 5.7/Content/SketFab/thatsnotnormal/BS_Newsman_idle.uexp" 341
"G:/UNI/Masters/ENDGAME/MoriDistrictGame 5.7/Content/SketFab/thatsnotnormal/BP_NewsMan.uasset" 342
"G:/UNI/Masters/ENDGAME/MoriDistrictGame 5.7/Content/SketFab/thatsnotnormal/BP_NewsMan.uexp" 343
"../../../Engine/Content/EngineMaterials/T_Default_Material_Grid_M.uasset" 344
"../../../Engine/Content/EngineMaterials/T_Default_Material_Grid_M.ubulk" 345
"../../../Engine/Content/EngineMaterials/T_Default_Material_Grid_M.uexp" 346
"../../../Engine/Content/EngineMaterials/T_Default_Material_Grid_N.uasset" 347
"../../../Engine/Content/EngineMaterials/T_Default_Material_Grid_N.ubulk" 348
"../../../Engine/Content/EngineMaterials/T_Default_Material_Grid_N.uexp" 349
"../../../Engine/Content/EngineMaterials/WorldGridMaterial.uasset" 350
"../../../Engine/Content/EngineMaterials/WorldGridMaterial.uexp" 351
"../../../Engine/Content/ArtTools/RenderToTexture/Meshes/S_1_Unit_Plane.uasset" 352
"../../../Engine/Content/ArtTools/RenderToTexture/Meshes/S_1_Unit_Plane.ubulk" 353
"../../../Engine/Content/ArtTools/RenderToTexture/Meshes/S_1_Unit_Plane.uexp" 354
"G:/UNI/Masters/ENDGAME/MoriDistrictGame 5.7/Content/SketFab/DOOG/body.uasset" 355
"G:/UNI/Masters/ENDGAME/MoriDistrictGame 5.7/Content/SketFab/DOOG/body.uexp" 356
"G:/UNI/Masters/ENDGAME/MoriDistrictGame 5.7/Content/SketFab/DOOG/Street_Horse_Skeleton.uasset" 357
"G:/UNI/Masters/ENDGAME/MoriDistrictGame 5.7/Content/SketFab/DOOG/Street_Horse_Skeleton.uexp" 358
"G:/UNI/Masters/ENDGAME/MoriDistrictGame 5.7/Content/SketFab/DOOG/eye.uasset" 359
"G:/UNI/Masters/ENDGAME/MoriDistrictGame 5.7/Content/SketFab/DOOG/eye.uexp" 360
"G:/UNI/Masters/ENDGAME/MoriDistrictGame 5.7/Content/SketFab/DOOG/Street_Horse_PhysicsAsset.uasset" 361
"G:/UNI/Masters/ENDGAME/MoriDistrictGame 5.7/Content/SketFab/DOOG/Street_Horse_PhysicsAsset.uexp" 362
"G:/UNI/Masters/ENDGAME/MoriDistrictGame 5.7/Content/SketFab/DOOG/Street_Horse.uasset" 363
"G:/UNI/Masters/ENDGAME/MoriDistrictGame 5.7/Content/SketFab/DOOG/Street_Horse.uexp" 364
"G:/UNI/Masters/ENDGAME/MoriDistrictGame 5.7/Content/SketFab/DOOG/Street_Horsestreet_horse_reference_skeleton_0000.uasset" 365
"G:/UNI/Masters/ENDGAME/MoriDistrictGame 5.7/Content/SketFab/DOOG/Street_Horsestreet_horse_reference_skeleton_0000.uexp" 366
"G:/UNI/Masters/ENDGAME/MoriDistrictGame 5.7/Content/SketFab/DOOG/Street_Horsestreet_horse_reference_skeleton_0200.uasset" 367
"G:/UNI/Masters/ENDGAME/MoriDistrictGame 5.7/Content/SketFab/DOOG/Street_Horsestreet_horse_reference_skeleton_0200.uexp" 368
"G:/UNI/Masters/ENDGAME/MoriDistrictGame 5.7/Content/SketFab/DOOG/BS_horse_idlemove.uasset" 369
"G:/UNI/Masters/ENDGAME/MoriDistrictGame 5.7/Content/SketFab/DOOG/BS_horse_idlemove.uexp" 370
"G:/UNI/Masters/ENDGAME/MoriDistrictGame 5.7/Content/SketFab/DOOG/BP_horse.uasset" 371
"G:/UNI/Masters/ENDGAME/MoriDistrictGame 5.7/Content/SketFab/DOOG/BP_horse.uexp" 372
"G:/UNI/Masters/ENDGAME/MoriDistrictGame 5.7/Content/SketFab/CountryMan/body.uasset" 373
"G:/UNI/Masters/ENDGAME/MoriDistrictGame 5.7/Content/SketFab/CountryMan/body.uexp" 374
"G:/UNI/Masters/ENDGAME/MoriDistrictGame 5.7/Content/SketFab/CountryMan/Creature_Skeleton.uasset" 375
"G:/UNI/Masters/ENDGAME/MoriDistrictGame 5.7/Content/SketFab/CountryMan/Creature_Skeleton.uexp" 376
"G:/UNI/Masters/ENDGAME/MoriDistrictGame 5.7/Content/SketFab/CountryMan/Creature_PhysicsAsset.uasset" 377
"G:/UNI/Masters/ENDGAME/MoriDistrictGame 5.7/Content/SketFab/CountryMan/Creature_PhysicsAsset.uexp" 378
"G:/UNI/Masters/ENDGAME/MoriDistrictGame 5.7/Content/SketFab/CountryMan/eye.uasset" 379
"G:/UNI/Masters/ENDGAME/MoriDistrictGame 5.7/Content/SketFab/CountryMan/eye.uexp" 380
"G:/UNI/Masters/ENDGAME/MoriDistrictGame 5.7/Content/SketFab/CountryMan/head.uasset" 381
"G:/UNI/Masters/ENDGAME/MoriDistrictGame 5.7/Content/SketFab/CountryMan/head.uexp" 382
"G:/UNI/Masters/ENDGAME/MoriDistrictGame 5.7/Content/SketFab/CountryMan/Creature.uasset" 383
"G:/UNI/Masters/ENDGAME/MoriDistrictGame 5.7/Content/SketFab/CountryMan/Creature.uexp" 384
"G:/UNI/Masters/ENDGAME/MoriDistrictGame 5.7/Content/SketFab/CountryMan/Creatureroad_creature_reference_skeleton_0000.uasset" 385
"G:/UNI/Masters/ENDGAME/MoriDistrictGame 5.7/Content/SketFab/CountryMan/Creatureroad_creature_reference_skeleton_0000.uexp" 386
"G:/UNI/Masters/ENDGAME/MoriDistrictGame 5.7/Content/SketFab/CountryMan/Creatureroad_creature_reference_skeleton_0500.uasset" 387
"G:/UNI/Masters/ENDGAME/MoriDistrictGame 5.7/Content/SketFab/CountryMan/Creatureroad_creature_reference_skeleton_0500.uexp" 388
"G:/UNI/Masters/ENDGAME/MoriDistrictGame 5.7/Content/SketFab/CountryMan/BS.uasset" 389
"G:/UNI/Masters/ENDGAME/MoriDistrictGame 5.7/Content/SketFab/CountryMan/BS.uexp" 390
"G:/UNI/Masters/ENDGAME/MoriDistrictGame 5.7/Content/SketFab/CountryMan/BP_hitchiker.uasset" 391
"G:/UNI/Masters/ENDGAME/MoriDistrictGame 5.7/Content/SketFab/CountryMan/BP_hitchiker.uexp" 392
"G:/UNI/Masters/ENDGAME/MoriDistrictGame 5.7/Content/LIDAR/Material/M_Master.uasset" 393
"G:/UNI/Masters/ENDGAME/MoriDistrictGame 5.7/Content/LIDAR/Material/M_Master.uexp" 394
"G:/UNI/Masters/ENDGAME/MoriDistrictGame 5.7/Content/LIDAR/Material/MI_TestGlow.uasset" 395
"G:/UNI/Masters/ENDGAME/MoriDistrictGame 5.7/Content/LIDAR/Material/MI_TestGlow.uexp" 396
"../../../Engine/Plugins/Interchange/Assets/Content/gltf/MaterialBodies/MF_Unlit_Body.uasset" 397
"../../../Engine/Plugins/Interchange/Assets/Content/gltf/MaterialBodies/MF_Unlit_Body.uexp" 398
"../../../Engine/Plugins/Interchange/Assets/Content/gltf/M_Unlit.uasset" 399
"../../../Engine/Plugins/Interchange/Assets/Content/gltf/M_Unlit.uexp" 400
"../../../Engine/Plugins/Interchange/Assets/Content/gltf/MaterialInstances/MI_Unlit_Opaque_DS.uasset" 401
"../../../Engine/Plugins/Interchange/Assets/Content/gltf/MaterialInstances/MI_Unlit_Opaque_DS.uexp" 402
"../../../Engine/Plugins/Interchange/Assets/Content/gltf/MaterialInstances/MI_Unlit_Opaque.uasset" 403
"../../../Engine/Plugins/Interchange/Assets/Content/gltf/MaterialInstances/MI_Unlit_Opaque.uexp" 404
"../../../Engine/Plugins/Interchange/Assets/Content/gltf/MaterialInstances/MI_Unlit_Mask_DS.uasset" 405
"../../../Engine/Plugins/Interchange/Assets/Content/gltf/MaterialInstances/MI_Unlit_Mask_DS.uexp" 406
"../../../Engine/Plugins/Interchange/Assets/Content/gltf/MaterialInstances/MI_Unlit_Mask.uasset" 407
"../../../Engine/Plugins/Interchange/Assets/Content/gltf/MaterialInstances/MI_Unlit_Mask.uexp" 408
"../../../Engine/Plugins/Interchange/Assets/Content/gltf/MaterialInstances/MI_Unlit_Blend_DS.uasset" 409
"../../../Engine/Plugins/Interchange/Assets/Content/gltf/MaterialInstances/MI_Unlit_Blend_DS.uexp" 410
"../../../Engine/Plugins/Interchange/Assets/Content/gltf/MaterialInstances/MI_Unlit_Blend.uasset" 411
"../../../Engine/Plugins/Interchange/Assets/Content/gltf/MaterialInstances/MI_Unlit_Blend.uexp" 412
"../../../Engine/Content/EngineMaterials/Good64x64TilingNoiseHighFreq.uasset" 413
"../../../Engine/Content/EngineMaterials/Good64x64TilingNoiseHighFreq.uexp" 414
"../../../Engine/Content/Functions/Engine_MaterialFunctions02/Texturing/ScreenAlignedPixelToPixelUVs.uasset" 415
"../../../Engine/Content/Functions/Engine_MaterialFunctions02/Texturing/ScreenAlignedPixelToPixelUVs.uexp" 416
"../../../Engine/Content/Functions/Engine_MaterialFunctions02/Utility/CameraDirectionVector.uasset" 417
"../../../Engine/Content/Functions/Engine_MaterialFunctions02/Utility/CameraDirectionVector.uexp" 418
"../../../Engine/Plugins/Interchange/Assets/Content/gltf/MaterialFunctions/MF_Fresnel_DS.uasset" 419
"../../../Engine/Plugins/Interchange/Assets/Content/gltf/MaterialFunctions/MF_Fresnel_DS.uexp" 420
"../../../Engine/Plugins/Interchange/Assets/Content/gltf/MaterialFunctions/MF_Temporal_Blur.uasset" 421
"../../../Engine/Plugins/Interchange/Assets/Content/gltf/MaterialFunctions/MF_Temporal_Blur.uexp" 422
"../../../Engine/Plugins/Interchange/Assets/Content/gltf/MaterialFunctions/MF_Transmission.uasset" 423
"../../../Engine/Plugins/Interchange/Assets/Content/gltf/MaterialFunctions/MF_Transmission.uexp" 424
"../../../Engine/Plugins/Interchange/Assets/Content/gltf/MaterialBodies/MF_Transmission_Body.uasset" 425
"../../../Engine/Plugins/Interchange/Assets/Content/gltf/MaterialBodies/MF_Transmission_Body.uexp" 426
"../../../Engine/Plugins/Interchange/Assets/Content/gltf/M_Transmission.uasset" 427
"../../../Engine/Plugins/Interchange/Assets/Content/gltf/M_Transmission.uexp" 428
"../../../Engine/Plugins/Interchange/Assets/Content/gltf/MaterialInstances/MI_Transmission_DS.uasset" 429
"../../../Engine/Plugins/Interchange/Assets/Content/gltf/MaterialInstances/MI_Transmission_DS.uexp" 430
"../../../Engine/Plugins/Interchange/Assets/Content/gltf/MaterialInstances/MI_Transmission.uasset" 431
"../../../Engine/Plugins/Interchange/Assets/Content/gltf/MaterialInstances/MI_Transmission.uexp" 432
"../../../Engine/Content/VREditor/LaserPointer/VR_LaserPower_01.uasset" 433
"../../../Engine/Content/VREditor/LaserPointer/VR_LaserPower_01.ubulk" 434
"../../../Engine/Content/VREditor/LaserPointer/VR_LaserPower_01.uexp" 435
"../../../Engine/Content/VREditor/TransformGizmo/TransformGizmoMaterial.uasset" 436
"../../../Engine/Content/VREditor/TransformGizmo/TransformGizmoMaterial.uexp" 437
"../../../Engine/Content/VREditor/TransformGizmo/TranslucentTransformGizmoMaterial.uasset" 438
"../../../Engine/Content/VREditor/TransformGizmo/TranslucentTransformGizmoMaterial.uexp" 439
"../../../Engine/Content/VREditor/TransformGizmo/BoundingBoxEdge.uasset" 440
"../../../Engine/Content/VREditor/TransformGizmo/BoundingBoxEdge.ubulk" 441
"../../../Engine/Content/VREditor/TransformGizmo/BoundingBoxEdge.uexp" 442
"../../../Engine/Plugins/Interchange/Assets/Content/gltf/MaterialFunctions/MF_DiffuseSpecGloss.uasset" 443
"../../../Engine/Plugins/Interchange/Assets/Content/gltf/MaterialFunctions/MF_DiffuseSpecGloss.uexp" 444
"../../../Engine/Plugins/Interchange/Assets/Content/gltf/MaterialFunctions/MF_MaxComponentValue.uasset" 445
"../../../Engine/Plugins/Interchange/Assets/Content/gltf/MaterialFunctions/MF_MaxComponentValue.uexp" 446
"../../../Engine/Content/Functions/Engine_MaterialFunctions02/Math/AddComponents.uasset" 447
"../../../Engine/Content/Functions/Engine_MaterialFunctions02/Math/AddComponents.uexp" 448
"../../../Engine/Plugins/Interchange/Assets/Content/gltf/MaterialFunctions/MF_PerceivedBrightness.uasset" 449
"../../../Engine/Plugins/Interchange/Assets/Content/gltf/MaterialFunctions/MF_PerceivedBrightness.uexp" 450
"../../../Engine/Plugins/Interchange/Assets/Content/gltf/MaterialFunctions/MF_SpecGlossToMetalRoughness.uasset" 451
"../../../Engine/Plugins/Interchange/Assets/Content/gltf/MaterialFunctions/MF_SpecGlossToMetalRoughness.uexp" 452
"../../../Engine/Plugins/Interchange/Assets/Content/gltf/MaterialBodies/MF_SpecularGlossiness_Body.uasset" 453
"../../../Engine/Plugins/Interchange/Assets/Content/gltf/MaterialBodies/MF_SpecularGlossiness_Body.uexp" 454
"../../../Engine/Plugins/Interchange/Assets/Content/gltf/M_SpecularGlossiness.uasset" 455
"../../../Engine/Plugins/Interchange/Assets/Content/gltf/M_SpecularGlossiness.uexp" 456
"../../../Engine/Plugins/Interchange/Assets/Content/gltf/MaterialInstances/MI_SpecularGlossiness_Opaque_DS.uasset" 457
"../../../Engine/Plugins/Interchange/Assets/Content/gltf/MaterialInstances/MI_SpecularGlossiness_Opaque_DS.uexp" 458
"../../../Engine/Content/VREditor/TransformGizmo/BoundingBoxCorner.uasset" 459
"../../../Engine/Content/VREditor/TransformGizmo/BoundingBoxCorner.ubulk" 460
"../../../Engine/Content/VREditor/TransformGizmo/BoundingBoxCorner.uexp" 461
"../../../Engine/Plugins/Interchange/Assets/Content/gltf/MaterialInstances/MI_SpecularGlossiness_Opaque.uasset" 462
"../../../Engine/Plugins/Interchange/Assets/Content/gltf/MaterialInstances/MI_SpecularGlossiness_Opaque.uexp" 463
"../../../Engine/Plugins/Interchange/Assets/Content/gltf/MaterialInstances/MI_SpecularGlossiness_Mask_DS.uasset" 464
"../../../Engine/Plugins/Interchange/Assets/Content/gltf/MaterialInstances/MI_SpecularGlossiness_Mask_DS.uexp" 465
"../../../Engine/Plugins/Interchange/Assets/Content/gltf/MaterialInstances/MI_SpecularGlossiness_Mask.uasset" 466
"../../../Engine/Plugins/Interchange/Assets/Content/gltf/MaterialInstances/MI_SpecularGlossiness_Mask.uexp" 467
"../../../Engine/Plugins/Interchange/Assets/Content/gltf/MaterialInstances/MI_SpecularGlossiness_Blend_DS.uasset" 468
"../../../Engine/Plugins/Interchange/Assets/Content/gltf/MaterialInstances/MI_SpecularGlossiness_Blend_DS.uexp" 469
"../../../Engine/Plugins/Interchange/Assets/Content/gltf/MaterialInstances/MI_SpecularGlossiness_Blend.uasset" 470
"../../../Engine/Plugins/Interchange/Assets/Content/gltf/MaterialInstances/MI_SpecularGlossiness_Blend.uexp" 471
"../../../Engine/Content/Functions/Engine_MaterialFunctions01/Gradient/LinearGradient.uasset" 472
"../../../Engine/Content/Functions/Engine_MaterialFunctions01/Gradient/LinearGradient.uexp" 473
"../../../Engine/Content/Functions/Engine_MaterialFunctions01/ImageAdjustment/CheapContrast.uasset" 474
"../../../Engine/Content/Functions/Engine_MaterialFunctions01/ImageAdjustment/CheapContrast.uexp" 475
"G:/UNI/Masters/ENDGAME/MoriDistrictGame 5.7/Content/LevelPrototyping/Textures/T_GridChecker_A.uasset" 476
"G:/UNI/Masters/ENDGAME/MoriDistrictGame 5.7/Content/LevelPrototyping/Textures/T_GridChecker_A.ubulk" 477
"G:/UNI/Masters/ENDGAME/MoriDistrictGame 5.7/Content/LevelPrototyping/Textures/T_GridChecker_A.uexp" 478
"G:/UNI/Masters/ENDGAME/MoriDistrictGame 5.7/Content/LevelPrototyping/Materials/MF_ProcGrid.uasset" 479
"G:/UNI/Masters/ENDGAME/MoriDistrictGame 5.7/Content/LevelPrototyping/Materials/MF_ProcGrid.uexp" 480
"G:/UNI/Masters/ENDGAME/MoriDistrictGame 5.7/Content/LevelPrototyping/Materials/M_PrototypeGrid.uasset" 481
"G:/UNI/Masters/ENDGAME/MoriDistrictGame 5.7/Content/LevelPrototyping/Materials/M_PrototypeGrid.uexp" 482
"G:/UNI/Masters/ENDGAME/MoriDistrictGame 5.7/Content/LevelPrototyping/Materials/MI_PrototypeGrid_Gray.uasset" 483
"G:/UNI/Masters/ENDGAME/MoriDistrictGame 5.7/Content/LevelPrototyping/Materials/MI_PrototypeGrid_Gray.uexp" 484
"G:/UNI/Masters/ENDGAME/MoriDistrictGame 5.7/Content/LevelPrototyping/Meshes/SM_Ramp.uasset" 485
"G:/UNI/Masters/ENDGAME/MoriDistrictGame 5.7/Content/LevelPrototyping/Meshes/SM_Ramp.ubulk" 486
"G:/UNI/Masters/ENDGAME/MoriDistrictGame 5.7/Content/LevelPrototyping/Meshes/SM_Ramp.uexp" 487
"G:/UNI/Masters/ENDGAME/MoriDistrictGame 5.7/Content/LevelPrototyping/Meshes/SM_QuarterCylinder.uasset" 488
"G:/UNI/Masters/ENDGAME/MoriDistrictGame 5.7/Content/LevelPrototyping/Meshes/SM_QuarterCylinder.ubulk" 489
"G:/UNI/Masters/ENDGAME/MoriDistrictGame 5.7/Content/LevelPrototyping/Meshes/SM_QuarterCylinder.uexp" 490
"G:/UNI/Masters/ENDGAME/MoriDistrictGame 5.7/Content/LevelPrototyping/Meshes/SM_Cylinder.uasset" 491
"G:/UNI/Masters/ENDGAME/MoriDistrictGame 5.7/Content/LevelPrototyping/Meshes/SM_Cylinder.ubulk" 492
"G:/UNI/Masters/ENDGAME/MoriDistrictGame 5.7/Content/LevelPrototyping/Meshes/SM_Cylinder.uexp" 493
"G:/UNI/Masters/ENDGAME/MoriDistrictGame 5.7/Content/LevelPrototyping/Meshes/SM_Cube.uasset" 494
"G:/UNI/Masters/ENDGAME/MoriDistrictGame 5.7/Content/LevelPrototyping/Meshes/SM_Cube.ubulk" 495
"G:/UNI/Masters/ENDGAME/MoriDistrictGame 5.7/Content/LevelPrototyping/Meshes/SM_Cube.uexp" 496
"G:/UNI/Masters/ENDGAME/MoriDistrictGame 5.7/Content/LevelPrototyping/Meshes/SM_ChamferCube.uasset" 497
"G:/UNI/Masters/ENDGAME/MoriDistrictGame 5.7/Content/LevelPrototyping/Meshes/SM_ChamferCube.ubulk" 498
"G:/UNI/Masters/ENDGAME/MoriDistrictGame 5.7/Content/LevelPrototyping/Meshes/SM_ChamferCube.uexp" 499
"../../../Engine/Content/EditorMaterials/ParticleSystems/PSysThumbnail_OOD.uasset" 500
"../../../Engine/Content/EditorMaterials/ParticleSystems/PSysThumbnail_OOD.ubulk" 501
"../../../Engine/Content/EditorMaterials/ParticleSystems/PSysThumbnail_OOD.uexp" 502
"../../../Engine/Content/EditorMaterials/ParticleSystems/PSysThumbnail_NoImage.uasset" 503
"../../../Engine/Content/EditorMaterials/ParticleSystems/PSysThumbnail_NoImage.ubulk" 504
"../../../Engine/Content/EditorMaterials/ParticleSystems/PSysThumbnail_NoImage.uexp" 505
"../../../Engine/Plugins/Interchange/Assets/Content/Functions/MX_MeasuredEDF.uasset" 506
"../../../Engine/Plugins/Interchange/Assets/Content/Functions/MX_MeasuredEDF.uexp" 507
"../../../Engine/Content/BasicShapes/Cube1.uasset" 508
"../../../Engine/Content/BasicShapes/Cube1.ubulk" 509
"../../../Engine/Content/BasicShapes/Cube1.uexp" 510
"G:/UNI/Masters/ENDGAME/MoriDistrictGame 5.7/Content/LIDAR/BP_VisibleActor.uasset" 511
"G:/UNI/Masters/ENDGAME/MoriDistrictGame 5.7/Content/LIDAR/BP_VisibleActor.uexp" 512
"../../../Engine/Plugins/Interchange/Assets/Content/Functions/MX_GeneralizedSchlickBSDF.uasset" 513
"../../../Engine/Plugins/Interchange/Assets/Content/Functions/MX_GeneralizedSchlickBSDF.uexp" 514
"../../../Engine/Plugins/Interchange/Assets/Content/Functions/MX_Displacement.uasset" 515
"../../../Engine/Plugins/Interchange/Assets/Content/Functions/MX_Displacement.uexp" 516
"../../../Engine/Plugins/Interchange/Assets/Content/Functions/MX_DielectricBSDF.uasset" 517
"../../../Engine/Plugins/Interchange/Assets/Content/Functions/MX_DielectricBSDF.uexp" 518
"../../../Engine/Plugins/Interchange/Assets/Content/Functions/MX_ConicalEDF.uasset" 519
"../../../Engine/Plugins/Interchange/Assets/Content/Functions/MX_ConicalEDF.uexp" 520
"../../../Engine/Plugins/Interchange/Assets/Content/Functions/MX_ConductorBSDF.uasset" 521
"../../../Engine/Plugins/Interchange/Assets/Content/Functions/MX_ConductorBSDF.uexp" 522
"../../../Engine/Plugins/Interchange/Assets/Content/Functions/MX_ChiangHairBSDF.uasset" 523
"../../../Engine/Plugins/Interchange/Assets/Content/Functions/MX_ChiangHairBSDF.uexp" 524
"../../../Engine/Content/EditorResources/SequenceRecorder/RecordingIndicator.uasset" 525
"../../../Engine/Content/EditorResources/SequenceRecorder/RecordingIndicator.uexp" 526
"../../../Engine/Plugins/Interchange/Assets/Content/Functions/MX_BurleyDiffuseBSDF.uasset" 527
"../../../Engine/Plugins/Interchange/Assets/Content/Functions/MX_BurleyDiffuseBSDF.uexp" 528
"../../../Engine/Plugins/Runtime/AudioWidgets/Content/Resources/ScrubHandleDown_Clamped.uasset" 529
"../../../Engine/Plugins/Runtime/AudioWidgets/Content/Resources/ScrubHandleDown_Clamped.uexp" 530
"../../../Engine/Plugins/Interchange/Assets/Content/Functions/MX_AnisotropicVDF.uasset" 531
"../../../Engine/Plugins/Interchange/Assets/Content/Functions/MX_AnisotropicVDF.uexp" 532
"../../../Engine/Content/EditorResources/SequenceRecorder/Countdown.uasset" 533
"../../../Engine/Content/EditorResources/SequenceRecorder/Countdown.uexp" 534
"../../../Engine/Plugins/Interchange/Assets/Content/Functions/MX_AbsorptionVDF.uasset" 535
"../../../Engine/Plugins/Interchange/Assets/Content/Functions/MX_AbsorptionVDF.uexp" 536
"../../../Engine/Plugins/Interchange/Assets/Content/Substrate/MX_SimpleVolume.uasset" 537
"../../../Engine/Plugins/Interchange/Assets/Content/Substrate/MX_SimpleVolume.uexp" 538
"../../../Engine/Plugins/Interchange/Assets/Content/Materials/UnlitMaterial.uasset" 539
"../../../Engine/Plugins/Interchange/Assets/Content/Materials/UnlitMaterial.uexp" 540
"../../../Engine/Plugins/Animation/DeformerGraph/Content/DeformerFunctions/DG_Function_ComputeNormalsTangents.uasset" 541
"../../../Engine/Plugins/Animation/DeformerGraph/Content/DeformerFunctions/DG_Function_ComputeNormalsTangents.uexp" 542
"../../../Engine/Plugins/Animation/DeformerGraph/Content/DeformerFunctions/DG_Function_LinearBlendSkin_Morph_Cloth_PositionOnly.uasset" 543
"../../../Engine/Plugins/Animation/DeformerGraph/Content/DeformerFunctions/DG_Function_LinearBlendSkin_Morph_Cloth_PositionOnly.uexp" 544
"../../../Engine/Plugins/Animation/DeformerGraph/Content/Deformers/DG_LinearBlendSkin_Morph_Cloth_RecomputeNormals.uasset" 545
"../../../Engine/Plugins/Animation/DeformerGraph/Content/Deformers/DG_LinearBlendSkin_Morph_Cloth_RecomputeNormals.uexp" 546
"../../../Engine/Plugins/Animation/DeformerGraph/Content/DeformerFunctions/DG_Function_LinearBlendSkin_Morph_Cloth.uasset" 547
"../../../Engine/Plugins/Animation/DeformerGraph/Content/DeformerFunctions/DG_Function_LinearBlendSkin_Morph_Cloth.uexp" 548
"../../../Engine/Plugins/Animation/DeformerGraph/Content/Deformers/DG_LinearBlendSkin_Morph_Cloth.uasset" 549
"../../../Engine/Plugins/Animation/DeformerGraph/Content/Deformers/DG_LinearBlendSkin_Morph_Cloth.uexp" 550
"../../../Engine/Content/Functions/Engine_MaterialFunctions02/Utility/BreakOutFloat4Components.uasset" 551
"../../../Engine/Content/Functions/Engine_MaterialFunctions02/Utility/BreakOutFloat4Components.uexp" 552
"../../../Engine/Content/Functions/Engine_MaterialFunctions02/Utility/MakeFloat4.uasset" 553
"../../../Engine/Content/Functions/Engine_MaterialFunctions02/Utility/MakeFloat4.uexp" 554
"../../../Engine/Content/Functions/Engine_MaterialFunctions02/PivotPainter2/Black_1x1_EXR_Texture.uasset" 555
"../../../Engine/Content/Functions/Engine_MaterialFunctions02/PivotPainter2/Black_1x1_EXR_Texture.uexp" 556
"../../../Engine/Content/EngineResources/DefaultVolumeTexture2D.uasset" 557
"../../../Engine/Content/EngineResources/DefaultVolumeTexture2D.uexp" 558
"../../../Engine/Content/EngineResources/DefaultVolumeTexture.uasset" 559
"../../../Engine/Content/EngineResources/DefaultVolumeTexture.uexp" 560
"../../../Engine/Content/EngineSky/VolumetricClouds/VT_Lightning.uasset" 561
"../../../Engine/Content/EngineSky/VolumetricClouds/VT_Lightning.uexp" 562
"../../../Engine/Content/Functions/Engine_MaterialFunctions01/Units/Km-to-Cm.uasset" 563
"../../../Engine/Content/Functions/Engine_MaterialFunctions01/Units/Km-to-Cm.uexp" 564
"../../../Engine/Content/EngineSky/VolumetricClouds/m_SimpleVolumetricCloud.uasset" 565
"../../../Engine/Content/EngineSky/VolumetricClouds/m_SimpleVolumetricCloud.uexp" 566
"../../../Engine/Content/EngineSky/VolumetricClouds/T_CloudMask.uasset" 567
"../../../Engine/Content/EngineSky/VolumetricClouds/T_CloudMask.ubulk" 568
"../../../Engine/Content/EngineSky/VolumetricClouds/T_CloudMask.uexp" 569
"../../../Engine/Content/EngineSky/VolumetricClouds/T_CloudPattern.uasset" 570
"../../../Engine/Content/EngineSky/VolumetricClouds/T_CloudPattern.ubulk" 571
"../../../Engine/Content/EngineSky/VolumetricClouds/T_CloudPattern.uexp" 572
"../../../Engine/Content/EngineSky/VolumetricClouds/T_Profile_08.uasset" 573
"../../../Engine/Content/EngineSky/VolumetricClouds/T_Profile_08.ubulk" 574
"../../../Engine/Content/EngineSky/VolumetricClouds/T_Profile_08.uexp" 575
"../../../Engine/Content/EngineSky/VolumetricClouds/VT_PerlinWorley_Balanced.uasset" 576
"../../../Engine/Content/EngineSky/VolumetricClouds/VT_PerlinWorley_Balanced.uexp" 577
"../../../Engine/Content/EngineSky/VolumetricClouds/m_SimpleVolumetricCloud_Inst.uasset" 578
"../../../Engine/Content/EngineSky/VolumetricClouds/m_SimpleVolumetricCloud_Inst.uexp" 579
"G:/UNI/Masters/ENDGAME/MoriDistrictGame 5.7/Content/FirstPerson/MI_FirstPersonColorway.uasset" 580
"G:/UNI/Masters/ENDGAME/MoriDistrictGame 5.7/Content/FirstPerson/MI_FirstPersonColorway.uexp" 581
"../../../Engine/Content/EditorMaterials/Dataflow/DataflowVertexMaterial.uasset" 582
"../../../Engine/Content/EditorMaterials/Dataflow/DataflowVertexMaterial.uexp" 583
"../../../Engine/Content/EditorMaterials/Dataflow/DataflowTwoSidedVertexMaterial.uasset" 584
"../../../Engine/Content/EditorMaterials/Dataflow/DataflowTwoSidedVertexMaterial.uexp" 585
"../../../Engine/Content/EngineResources/FilmGrains/Marcie_Grain_v3_128_M2_000.uasset" 586
"../../../Engine/Content/EngineResources/FilmGrains/Marcie_Grain_v3_128_M2_000.uexp" 587
"G:/UNI/Masters/ENDGAME/MoriDistrictGame 5.7/Content/DynamicWeather/Enum_OverlapType.uasset" 588
"G:/UNI/Masters/ENDGAME/MoriDistrictGame 5.7/Content/DynamicWeather/Enum_OverlapType.uexp" 589
"G:/UNI/Masters/ENDGAME/MoriDistrictGame 5.7/Content/DynamicWeather/Struc_FWeatherData.uasset" 590
"G:/UNI/Masters/ENDGAME/MoriDistrictGame 5.7/Content/DynamicWeather/Struc_FWeatherData.uexp" 591
"G:/UNI/Masters/ENDGAME/MoriDistrictGame 5.7/Content/DynamicWeather/BP_WeatherSpawner.uasset" 592
"G:/UNI/Masters/ENDGAME/MoriDistrictGame 5.7/Content/DynamicWeather/BP_WeatherSpawner.uexp" 593
"G:/UNI/Masters/ENDGAME/MoriDistrictGame 5.7/Content/DynamicWeather/BP_WeatherOverlapActor.uasset" 594
"G:/UNI/Masters/ENDGAME/MoriDistrictGame 5.7/Content/DynamicWeather/BP_WeatherOverlapActor.uexp" 595
"../../../Engine/Content/EngineResources/Development/ZenLogo_64.uasset" 596
"../../../Engine/Content/EngineResources/Development/ZenLogo_64.uexp" 597
"../../../Engine/Content/EngineMaterials/DefaultMaterial.uasset" 598
"../../../Engine/Content/EngineMaterials/DefaultMaterial.uexp" 599
"../../../Engine/Content/MapTemplates/SM_Template_Map_Floor.uasset" 600
"../../../Engine/Content/MapTemplates/SM_Template_Map_Floor.ubulk" 601
"../../../Engine/Content/MapTemplates/SM_Template_Map_Floor.uexp" 602
"../../../Engine/Content/EngineResources/DefaultTextureCube.uasset" 603
"../../../Engine/Content/EngineResources/DefaultTextureCube.uexp" 604
"../../../Engine/Plugins/Runtime/HairStrands/Content/Materials/HairMeshesDefaultMaterial.uasset" 605
"../../../Engine/Plugins/Runtime/HairStrands/Content/Materials/HairMeshesDefaultMaterial.uexp" 606
"../../../Engine/Content/EngineMaterials/FastBlueNoise_scalar_128x128x8.uasset" 607
"../../../Engine/Content/EngineMaterials/FastBlueNoise_scalar_128x128x8.uexp" 608
"../../../Engine/Content/EngineResources/Black.uasset" 609
"../../../Engine/Content/EngineResources/Black.uexp" 610
"../../../Engine/Content/EngineMaterials/LTC/Sheen_LTC.uasset" 611
"../../../Engine/Content/EngineMaterials/LTC/Sheen_LTC.uexp" 612
"../../../Engine/Plugins/Runtime/HairStrands/Content/Materials/HairDefaultMaterial.uasset" 613
"../../../Engine/Plugins/Runtime/HairStrands/Content/Materials/HairDefaultMaterial.uexp" 614
"../../../Engine/Content/EngineMaterials/LTC/GGX_LTCMat.uasset" 615
"../../../Engine/Content/EngineMaterials/LTC/GGX_LTCMat.uexp" 616
"../../../Engine/Content/EngineMaterials/FastBlueNoise_scalar_128x128x64.uasset" 617
"../../../Engine/Content/EngineMaterials/FastBlueNoise_scalar_128x128x64.uexp" 618
"../../../Engine/Content/EditorMaterials/Camera/CineMat.uasset" 619
"../../../Engine/Content/EditorMaterials/Camera/CineMat.uexp" 620
"../../../Engine/Content/EditorMaterials/Camera/MI_CineMat_Rig.uasset" 621
"../../../Engine/Content/EditorMaterials/Camera/MI_CineMat_Rig.uexp" 622
"../../../Engine/Content/EditorMeshes/Camera/SM_RailRig_Track.uasset" 623
"../../../Engine/Content/EditorMeshes/Camera/SM_RailRig_Track.ubulk" 624
"../../../Engine/Content/EditorMeshes/Camera/SM_RailRig_Track.uexp" 625
"../../../Engine/Content/Functions/Engine_MaterialFunctions02/Utility/MakeFloat2.uasset" 626
"../../../Engine/Content/Functions/Engine_MaterialFunctions02/Utility/MakeFloat2.uexp" 627
"../../../Engine/Content/EngineMaterials/HairColorMap.uasset" 628
"../../../Engine/Content/EngineMaterials/HairColorMap.uexp" 629
"../../../Engine/Content/EngineMaterials/HairDebugColor.uasset" 630
"../../../Engine/Content/EngineMaterials/HairDebugColor.uexp" 631
"../../../Engine/Plugins/Runtime/HairStrands/Content/Materials/HairGroupColors.uasset" 632
"../../../Engine/Plugins/Runtime/HairStrands/Content/Materials/HairGroupColors.uexp" 633
"../../../Engine/Plugins/Runtime/HairStrands/Content/Materials/HairDebugMaterial.uasset" 634
"../../../Engine/Plugins/Runtime/HairStrands/Content/Materials/HairDebugMaterial.uexp" 635
"../../../Engine/Content/EngineMaterials/LTC/GGX_LTCAmp.uasset" 636
"../../../Engine/Content/EngineMaterials/LTC/GGX_LTCAmp.uexp" 637
"../../../Engine/Content/EditorMeshes/Camera/SM_RailRig_Mount.uasset" 638
"../../../Engine/Content/EditorMeshes/Camera/SM_RailRig_Mount.ubulk" 639
"../../../Engine/Content/EditorMeshes/Camera/SM_RailRig_Mount.uexp" 640
"../../../Engine/Content/EngineMaterials/DefaultWhiteGrid_Low.uasset" 641
"../../../Engine/Content/EngineMaterials/DefaultWhiteGrid_Low.uexp" 642
"../../../Engine/Content/EngineMaterials/EmissiveMeshMaterial.uasset" 643
"../../../Engine/Content/EngineMaterials/EmissiveMeshMaterial.uexp" 644
"../../../Engine/Plugins/Runtime/HairStrands/Content/Materials/HairCardsDefaultMaterial.uasset" 645
"../../../Engine/Plugins/Runtime/HairStrands/Content/Materials/HairCardsDefaultMaterial.uexp" 646
"../../../Engine/Content/EngineMaterials/EnergyConservation/Sheen_Energy.uasset" 647
"../../../Engine/Content/EngineMaterials/EnergyConservation/Sheen_Energy.uexp" 648
"../../../Engine/Content/EditorMeshes/Camera/SM_CraneRig_Mount.uasset" 649
"../../../Engine/Content/EditorMeshes/Camera/SM_CraneRig_Mount.ubulk" 650
"../../../Engine/Content/EditorMeshes/Camera/SM_CraneRig_Mount.uexp" 651
"../../../Engine/Content/EngineMaterials/EnergyConservation/SheenLegacy_Energy.uasset" 652
"../../../Engine/Content/EngineMaterials/EnergyConservation/SheenLegacy_Energy.uexp" 653
"../../../Engine/Content/EditorMeshes/Camera/SM_CraneRig_Body.uasset" 654
"../../../Engine/Content/EditorMeshes/Camera/SM_CraneRig_Body.ubulk" 655
"../../../Engine/Content/EditorMeshes/Camera/SM_CraneRig_Body.uexp" 656
"../../../Engine/Content/EngineMaterials/EnergyConservation/GGX_TransmissionEnergyArray.uasset" 657
"../../../Engine/Content/EngineMaterials/EnergyConservation/GGX_TransmissionEnergyArray.uexp" 658
"../../../Engine/Plugins/Interchange/Assets/Content/Functions/MX_UsdPreviewSurface.uasset" 659
"../../../Engine/Plugins/Interchange/Assets/Content/Functions/MX_UsdPreviewSurface.uexp" 660
"../../../Engine/Content/EngineMaterials/DefaultWhiteGrid.uasset" 661
"../../../Engine/Content/EngineMaterials/DefaultWhiteGrid.ubulk" 662
"../../../Engine/Content/EngineMaterials/DefaultWhiteGrid.uexp" 663
"../../../Engine/Content/EditorMeshes/Camera/SM_CraneRig_Base.uasset" 664
"../../../Engine/Content/EditorMeshes/Camera/SM_CraneRig_Base.ubulk" 665
"../../../Engine/Content/EditorMeshes/Camera/SM_CraneRig_Base.uexp" 666
"../../../Engine/Content/EngineDamageTypes/DmgTypeBP_Environmental.uasset" 667
"../../../Engine/Content/EngineDamageTypes/DmgTypeBP_Environmental.uexp" 668
"../../../Engine/Plugins/Interchange/Assets/Content/Functions/MX_UniformEDF.uasset" 669
"../../../Engine/Plugins/Interchange/Assets/Content/Functions/MX_UniformEDF.uexp" 670
"../../../Engine/Plugins/Marketplace/BobsScan9824cc5c9e03V6/Content/Materials/M_CompositePass.uasset" 671
"../../../Engine/Plugins/Marketplace/BobsScan9824cc5c9e03V6/Content/Materials/M_CompositePass.uexp" 672
"../../../Engine/Content/EditorMeshes/Camera/SM_CraneRig_Arm.uasset" 673
"../../../Engine/Content/EditorMeshes/Camera/SM_CraneRig_Arm.ubulk" 674
"../../../Engine/Content/EditorMeshes/Camera/SM_CraneRig_Arm.uexp" 675
"../../../Engine/Content/EngineMaterials/EnergyConservation/GGX_ReflectionEnergy.uasset" 676
"../../../Engine/Content/EngineMaterials/EnergyConservation/GGX_ReflectionEnergy.uexp" 677
"../../../Engine/Content/EngineFonts/RobotoDistanceField.uasset" 678
"../../../Engine/Content/EngineFonts/RobotoDistanceField.uexp" 679
"../../../Engine/Content/EngineMaterials/DefaultTextMaterialOpaque.uasset" 680
"../../../Engine/Content/EngineMaterials/DefaultTextMaterialOpaque.uexp" 681
"../../../Engine/Plugins/Interchange/Assets/Content/Functions/MX_TranslucentBSDF.uasset" 682
"../../../Engine/Plugins/Interchange/Assets/Content/Functions/MX_TranslucentBSDF.uexp" 683
"../../../Engine/Content/EngineMeshes/Sphere.uasset" 684
"../../../Engine/Content/EngineMeshes/Sphere.ubulk" 685
"../../../Engine/Content/EngineMeshes/Sphere.uexp" 686
"../../../Engine/Content/EngineMaterials/DefaultDiffuse.uasset" 687
"../../../Engine/Content/EngineMaterials/DefaultDiffuse.ubulk" 688
"../../../Engine/Content/EngineMaterials/DefaultDiffuse.uexp" 689
"../../../Engine/Content/EngineMaterials/DefaultPostProcessMaterial.uasset" 690
"../../../Engine/Content/EngineMaterials/DefaultPostProcessMaterial.uexp" 691
"../../../Engine/Content/EngineMaterials/EnergyConservation/Diffuse_Energy.uasset" 692
"../../../Engine/Content/EngineMaterials/EnergyConservation/Diffuse_Energy.uexp" 693
"../../../Engine/Plugins/Interchange/Assets/Content/Functions/MX_SurfaceUnlit.uasset" 694
"../../../Engine/Plugins/Interchange/Assets/Content/Functions/MX_SurfaceUnlit.uexp" 695
"../../../Engine/Plugins/Interchange/Assets/Content/Functions/MX_Surface.uasset" 696
"../../../Engine/Plugins/Interchange/Assets/Content/Functions/MX_Surface.uexp" 697
"../../../Engine/Plugins/Interchange/Assets/Content/Functions/MX_SubsurfaceBSDF.uasset" 698
"../../../Engine/Plugins/Interchange/Assets/Content/Functions/MX_SubsurfaceBSDF.uexp" 699
"../../../Engine/Content/EngineSky/T_Sky_Blue.uasset" 700
"../../../Engine/Content/EngineSky/T_Sky_Blue.ubulk" 701
"../../../Engine/Content/EngineSky/T_Sky_Blue.uexp" 702
"../../../Engine/Content/EngineSky/T_Sky_Clouds_M.uasset" 703
"../../../Engine/Content/EngineSky/T_Sky_Clouds_M.ubulk" 704
"../../../Engine/Content/EngineSky/T_Sky_Clouds_M.uexp" 705
"../../../Engine/Content/EngineSky/T_Sky_Stars.uasset" 706
"../../../Engine/Content/EngineSky/T_Sky_Stars.ubulk" 707
"../../../Engine/Content/EngineSky/T_Sky_Stars.uexp" 708
"../../../Engine/Content/EngineSky/M_Sky_Panning_Clouds2.uasset" 709
"../../../Engine/Content/EngineSky/M_Sky_Panning_Clouds2.uexp" 710
"../../../Engine/Content/EngineSky/SM_SkySphere.uasset" 711
"../../../Engine/Content/EngineSky/SM_SkySphere.ubulk" 712
"../../../Engine/Content/EngineSky/SM_SkySphere.uexp" 713
"../../../Engine/Content/EngineMaterials/DefaultLightFunctionMaterial.uasset" 714
"../../../Engine/Content/EngineMaterials/DefaultLightFunctionMaterial.uexp" 715
"../../../Engine/Content/EngineSky/M_SimpleSkyDome.uasset" 716
"../../../Engine/Content/EngineSky/M_SimpleSkyDome.uexp" 717
"../../../Engine/Plugins/Interchange/Assets/Content/Functions/MX_SheenBSDF.uasset" 718
"../../../Engine/Plugins/Interchange/Assets/Content/Functions/MX_SheenBSDF.uexp" 719
"../../../Engine/Content/EngineMaterials/DefaultDeferredDecalMaterial.uasset" 720
"../../../Engine/Content/EngineMaterials/DefaultDeferredDecalMaterial.uexp" 721
"../../../Engine/Content/Functions/Engine_MaterialFunctions02/Utility/VectorLength.uasset" 722
"../../../Engine/Content/Functions/Engine_MaterialFunctions02/Utility/VectorLength.uexp" 723
"../../../Engine/Plugins/Experimental/MeshModelingToolsetExp/Content/Materials/GetDisplacementVectorForDepthBias.uasset" 724
"../../../Engine/Plugins/Experimental/MeshModelingToolsetExp/Content/Materials/GetDisplacementVectorForDepthBias.uexp" 725
"../../../Engine/Content/Functions/Engine_MaterialFunctions03/Viewport/MF_OrthoWidth.uasset" 726
"../../../Engine/Content/Functions/Engine_MaterialFunctions03/Viewport/MF_OrthoWidth.uexp" 727
"../../../Engine/Content/Functions/Engine_MaterialFunctions02/Utility/FOV.uasset" 728
"../../../Engine/Content/Functions/Engine_MaterialFunctions02/Utility/FOV.uexp" 729
"../../../Engine/Content/Functions/Engine_MaterialFunctions02/WorldPositionOffset/V2/ObjectScale.uasset" 730
"../../../Engine/Content/Functions/Engine_MaterialFunctions02/WorldPositionOffset/V2/ObjectScale.uexp" 731
"../../../Engine/Plugins/Experimental/MeshModelingToolsetExp/Content/Materials/PointSetOverlaidComponentMaterial.uasset" 732
"../../../Engine/Plugins/Experimental/MeshModelingToolsetExp/Content/Materials/PointSetOverlaidComponentMaterial.uexp" 733
"../../../Engine/Content/EditorResources/S_TriggerSphere.uasset" 734
"../../../Engine/Content/EditorResources/S_TriggerSphere.uexp" 735
"../../../Engine/Content/EditorResources/S_TriggerCapsule.uasset" 736
"../../../Engine/Content/EditorResources/S_TriggerCapsule.uexp" 737
"../../../Engine/Content/EditorResources/S_TriggerBox.uasset" 738
"../../../Engine/Content/EditorResources/S_TriggerBox.uexp" 739
"../../../Engine/Content/EngineResources/LandscapeVisibilityLayerInfo.uasset" 740
"../../../Engine/Content/EngineResources/LandscapeVisibilityLayerInfo.uexp" 741
"../../../Engine/Plugins/Interchange/Assets/Content/Functions/MX_OrenNayarBSDF.uasset" 742
"../../../Engine/Plugins/Interchange/Assets/Content/Functions/MX_OrenNayarBSDF.uexp" 743
"../../../Engine/Content/EditorResources/S_Trigger.uasset" 744
"../../../Engine/Content/EditorResources/S_Trigger.ubulk" 745
"../../../Engine/Content/EditorResources/S_Trigger.uexp" 746
"../../../Engine/Content/EngineResources/WhiteSquareTexture.uasset" 747
"../../../Engine/Content/EngineResources/WhiteSquareTexture.uexp" 748
"../../../Engine/Content/EngineMaterials/Widget3DPassThrough.uasset" 749
"../../../Engine/Content/EngineMaterials/Widget3DPassThrough.uexp" 750
"../../../Engine/Content/EngineMaterials/Widget3DPassThrough_Translucent.uasset" 751
"../../../Engine/Content/EngineMaterials/Widget3DPassThrough_Translucent.uexp" 752
"../../../Engine/Content/EngineMaterials/Widget3DPassThrough_Translucent_OneSided.uasset" 753
"../../../Engine/Content/EngineMaterials/Widget3DPassThrough_Translucent_OneSided.uexp" 754
"../../../Engine/Content/EngineMaterials/DefaultBokeh.uasset" 755
"../../../Engine/Content/EngineMaterials/DefaultBokeh.uexp" 756
"../../../Engine/Content/EngineMaterials/Widget3DPassThrough_Opaque.uasset" 757
"../../../Engine/Content/EngineMaterials/Widget3DPassThrough_Opaque.uexp" 758
"../../../Engine/Content/EngineMaterials/Widget3DPassThrough_Opaque_OneSided.uasset" 759
"../../../Engine/Content/EngineMaterials/Widget3DPassThrough_Opaque_OneSided.uexp" 760
"../../../Engine/Plugins/Interchange/Assets/Content/Functions/MX_StandardSurface.uasset" 761
"../../../Engine/Plugins/Interchange/Assets/Content/Functions/MX_StandardSurface.uexp" 762
"../../../Engine/Plugins/Interchange/Assets/Content/Functions/MX_TransmissionSurface.uasset" 763
"../../../Engine/Plugins/Interchange/Assets/Content/Functions/MX_TransmissionSurface.uexp" 764
"../../../Engine/Plugins/Interchange/Assets/Content/Functions/MX_OpenPBR_Translucent.uasset" 765
"../../../Engine/Plugins/Interchange/Assets/Content/Functions/MX_OpenPBR_Translucent.uexp" 766
"../../../Engine/Plugins/Interchange/Assets/Content/Functions/MX_OpenPBR_Opaque.uasset" 767
"../../../Engine/Plugins/Interchange/Assets/Content/Functions/MX_OpenPBR_Opaque.uexp" 768
"../../../Engine/Content/EngineMaterials/DefaultBloomKernel.uasset" 769
"../../../Engine/Content/EngineMaterials/DefaultBloomKernel.uexp" 770
"../../../Engine/Content/EngineMaterials/Widget3DPassThrough_Masked_OneSided.uasset" 771
"../../../Engine/Content/EngineMaterials/Widget3DPassThrough_Masked_OneSided.uexp" 772
"../../../Engine/Content/BufferVisualization/WorldNormal.uasset" 773
"../../../Engine/Content/BufferVisualization/WorldNormal.uexp" 774
"../../../Engine/Content/EngineResources/GradientTexture0.uasset" 775
"../../../Engine/Content/EngineResources/GradientTexture0.uexp" 776
"../../../Engine/Content/EngineMaterials/Widget3DPassThrough_Masked.uasset" 777
"../../../Engine/Content/EngineMaterials/Widget3DPassThrough_Masked.uexp" 778
"../../../Engine/Content/EditorMaterials/PreviewShadowIndicator.uasset" 779
"../../../Engine/Content/EditorMaterials/PreviewShadowIndicator.ubulk" 780
"../../../Engine/Content/EditorMaterials/PreviewShadowIndicator.uexp" 781
"../../../Engine/Content/EditorMaterials/PreviewShadowIndicatorMaterial.uasset" 782
"../../../Engine/Content/EditorMaterials/PreviewShadowIndicatorMaterial.uexp" 783
"../../../Engine/Content/EditorResources/S_Terrain.uasset" 784
"../../../Engine/Content/EditorResources/S_Terrain.ubulk" 785
"../../../Engine/Content/EditorResources/S_Terrain.uexp" 786
"../../../Engine/Content/EditorMaterials/PhAT_UnselectedMaterial.uasset" 787
"../../../Engine/Content/EditorMaterials/PhAT_UnselectedMaterial.uexp" 788
"../../../Engine/Content/Functions/Engine_MaterialFunctions02/WorldPositionOffset/CameraOffset.uasset" 789
"../../../Engine/Content/Functions/Engine_MaterialFunctions02/WorldPositionOffset/CameraOffset.uexp" 790
"../../../Engine/Plugins/Animation/ControlRig/Content/M_Manip.uasset" 791
"../../../Engine/Plugins/Animation/ControlRig/Content/M_Manip.uexp" 792
"../../../Engine/Content/EngineMaterials/WeightMapPlaceholderTexture.uasset" 793
"../../../Engine/Content/EngineMaterials/WeightMapPlaceholderTexture.uexp" 794
"../../../Engine/Content/EngineMaterials/WeightMapArrayPlaceholderTexture.uasset" 795
"../../../Engine/Content/EngineMaterials/WeightMapArrayPlaceholderTexture.uexp" 796
"../../../Engine/Content/EditorMaterials/PhAT_NoCollisionMaterial.uasset" 797
"../../../Engine/Content/EditorMaterials/PhAT_NoCollisionMaterial.uexp" 798
"../../../Engine/Content/EditorResources/S_Solver.uasset" 799
"../../../Engine/Content/EditorResources/S_Solver.ubulk" 800
"../../../Engine/Content/EditorResources/S_Solver.uexp" 801
"../../../Engine/Plugins/2D/Paper2D/Content/DefaultSpriteMaterial.uasset" 802
"../../../Engine/Plugins/2D/Paper2D/Content/DefaultSpriteMaterial.uexp" 803
"../../../Engine/Plugins/2D/Paper2D/Content/OpaqueUnlitSpriteMaterial.uasset" 804
"../../../Engine/Plugins/2D/Paper2D/Content/OpaqueUnlitSpriteMaterial.uexp" 805
"../../../Engine/Plugins/2D/Paper2D/Content/MaskedUnlitSpriteMaterial.uasset" 806
"../../../Engine/Plugins/2D/Paper2D/Content/MaskedUnlitSpriteMaterial.uexp" 807
"../../../Engine/Content/Functions/Engine_MaterialFunctions02/WorldPositionOffset/ObjectScale.uasset" 808
"../../../Engine/Content/Functions/Engine_MaterialFunctions02/WorldPositionOffset/ObjectScale.uexp" 809
"../../../Engine/Plugins/Editor/SpeedTreeImporter/Content/SpeedTree9/Empty.uasset" 810
"../../../Engine/Plugins/Editor/SpeedTreeImporter/Content/SpeedTree9/Empty.uexp" 811
"../../../Engine/Plugins/Editor/SpeedTreeImporter/Content/SpeedTree9/EmptyNormal.uasset" 812
"../../../Engine/Plugins/Editor/SpeedTreeImporter/Content/SpeedTree9/EmptyNormal.uexp" 813
"../../../Engine/Plugins/Editor/SpeedTreeImporter/Content/SpeedTree9/game_wind_noise.uasset" 814
"../../../Engine/Plugins/Editor/SpeedTreeImporter/Content/SpeedTree9/game_wind_noise.ubulk" 815
"../../../Engine/Plugins/Editor/SpeedTreeImporter/Content/SpeedTree9/game_wind_noise.uexp" 816
"../../../Engine/Content/Functions/Engine_MaterialFunctions02/SafeNormalize.uasset" 817
"../../../Engine/Content/Functions/Engine_MaterialFunctions02/SafeNormalize.uexp" 818
"../../../Engine/Plugins/Editor/SpeedTreeImporter/Content/SpeedTree9/SpeedTreeWindMotion.uasset" 819
"../../../Engine/Plugins/Editor/SpeedTreeImporter/Content/SpeedTree9/SpeedTreeWindMotion.uexp" 820
"../../../Engine/Plugins/Editor/SpeedTreeImporter/Content/SpeedTree9/UnpackDirection.uasset" 821
"../../../Engine/Plugins/Editor/SpeedTreeImporter/Content/SpeedTree9/UnpackDirection.uexp" 822
"../../../Engine/Plugins/Editor/SpeedTreeImporter/Content/SpeedTree9/UnpackInteger3.uasset" 823
"../../../Engine/Plugins/Editor/SpeedTreeImporter/Content/SpeedTree9/UnpackInteger3.uexp" 824
"../../../Engine/Plugins/Editor/SpeedTreeImporter/Content/SpeedTree9/SpeedTreeBranchMotion.uasset" 825
"../../../Engine/Plugins/Editor/SpeedTreeImporter/Content/SpeedTree9/SpeedTreeBranchMotion.uexp" 826
"../../../Engine/Content/Functions/Engine_MaterialFunctions02/ObjectLocalBounds.uasset" 827
"../../../Engine/Content/Functions/Engine_MaterialFunctions02/ObjectLocalBounds.uexp" 828
"../../../Engine/Content/Functions/Engine_MaterialFunctions02/UVs/BoundingBoxBased_0-1_UVW.uasset" 829
"../../../Engine/Content/Functions/Engine_MaterialFunctions02/UVs/BoundingBoxBased_0-1_UVW.uexp" 830
"../../../Engine/Plugins/Editor/SpeedTreeImporter/Content/SpeedTree9/SpeedTreeWind.uasset" 831
"../../../Engine/Plugins/Editor/SpeedTreeImporter/Content/SpeedTree9/SpeedTreeWind.uexp" 832
"../../../Engine/Plugins/Editor/SpeedTreeImporter/Content/SpeedTree9/SpeedTreeCameraFacing.uasset" 833
"../../../Engine/Plugins/Editor/SpeedTreeImporter/Content/SpeedTree9/SpeedTreeCameraFacing.uexp" 834
"../../../Engine/Plugins/Editor/SpeedTreeImporter/Content/SpeedTree9/SpeedTreeMaster.uasset" 835
"../../../Engine/Plugins/Editor/SpeedTreeImporter/Content/SpeedTree9/SpeedTreeMaster.uexp" 836
"../../../Engine/Plugins/Editor/SpeedTreeImporter/Content/SpeedTree9/SpeedTreeBillboard.uasset" 837
"../../../Engine/Plugins/Editor/SpeedTreeImporter/Content/SpeedTree9/SpeedTreeBillboard.uexp" 838
"../../../Engine/Plugins/Editor/SpeedTreeImporter/Content/SpeedTree9/SpeedTreeBillboardMaster.uasset" 839
"../../../Engine/Plugins/Editor/SpeedTreeImporter/Content/SpeedTree9/SpeedTreeBillboardMaster.uexp" 840
"../../../Engine/Content/EngineMaterials/SMAASearchTex.uasset" 841
"../../../Engine/Content/EngineMaterials/SMAASearchTex.uexp" 842
"../../../Engine/Content/EngineMaterials/SMAAAreaTex.uasset" 843
"../../../Engine/Content/EngineMaterials/SMAAAreaTex.uexp" 844
"../../../Engine/Content/EngineMaterials/RemoveSurfaceMaterial.uasset" 845
"../../../Engine/Content/EngineMaterials/RemoveSurfaceMaterial.uexp" 846
"../../../Engine/Content/EngineMaterials/PreintegratedSkinBRDF.uasset" 847
"../../../Engine/Content/EngineMaterials/PreintegratedSkinBRDF.uexp" 848
"../../../Engine/Content/EngineMaterials/DefaultCalibrationGrayscale.uasset" 849
"../../../Engine/Content/EngineMaterials/DefaultCalibrationGrayscale.uexp" 850
"../../../Engine/Content/EngineMaterials/PPM_DefaultCalibrationGrayscale.uasset" 851
"../../../Engine/Content/EngineMaterials/PPM_DefaultCalibrationGrayscale.uexp" 852
"../../../Engine/Content/EngineMaterials/DefaultCalibrationColor.uasset" 853
"../../../Engine/Content/EngineMaterials/DefaultCalibrationColor.uexp" 854
"../../../Engine/Content/EngineMaterials/PPM_DefaultCalibrationColor.uasset" 855
"../../../Engine/Content/EngineMaterials/PPM_DefaultCalibrationColor.uexp" 856
"../../../Engine/Content/BasicShapes/Sphere.uasset" 857
"../../../Engine/Content/BasicShapes/Sphere.ubulk" 858
"../../../Engine/Content/BasicShapes/Sphere.uexp" 859
"../../../Engine/Content/EngineMaterials/PhAT_JointLimitMaterial.uasset" 860
"../../../Engine/Content/EngineMaterials/PhAT_JointLimitMaterial.uexp" 861
"../../../Engine/Content/EngineMaterials/NaniteHiddenSectionMaterial.uasset" 862
"../../../Engine/Content/EngineMaterials/NaniteHiddenSectionMaterial.uexp" 863
"../../../Engine/Content/EngineMaterials/InvalidLightmapSettings.uasset" 864
"../../../Engine/Content/EngineMaterials/InvalidLightmapSettings.ubulk" 865
"../../../Engine/Content/EngineMaterials/InvalidLightmapSettings.uexp" 866
"../../../Engine/Content/EngineMaterials/M_InvalidLightmapSettings.uasset" 867
"../../../Engine/Content/EngineMaterials/M_InvalidLightmapSettings.uexp" 868
"../../../Engine/Content/EngineMaterials/MiniFont.uasset" 869
"../../../Engine/Content/EngineMaterials/MiniFont.uexp" 870
"../../../Engine/Content/BasicShapes/Cylinder.uasset" 871
"../../../Engine/Content/BasicShapes/Cylinder.ubulk" 872
"../../../Engine/Content/BasicShapes/Cylinder.uexp" 873
"../../../Engine/Content/EditorResources/S_BoxReflectionCapture.uasset" 874
"../../../Engine/Content/EditorResources/S_BoxReflectionCapture.uexp" 875
"../../../Engine/Content/EditorLandscapeResources/SplineEditorMeshMat.uasset" 876
"../../../Engine/Content/EditorLandscapeResources/SplineEditorMeshMat.uexp" 877
"../../../Engine/Content/EditorLandscapeResources/SplineEditorMesh.uasset" 878
"../../../Engine/Content/EditorLandscapeResources/SplineEditorMesh.ubulk" 879
"../../../Engine/Content/EditorLandscapeResources/SplineEditorMesh.uexp" 880
"../../../Engine/Content/EditorLandscapeResources/DefaultAlphaTexture.uasset" 881
"../../../Engine/Content/EditorLandscapeResources/DefaultAlphaTexture.uexp" 882
"../../../Engine/Content/Functions/Engine_MaterialFunctions03/Math/WithinRangeFloat2.uasset" 883
"../../../Engine/Content/Functions/Engine_MaterialFunctions03/Math/WithinRangeFloat2.uexp" 884
"../../../Engine/Content/EditorLandscapeResources/WhiteSquareTexture.uasset" 885
"../../../Engine/Content/EditorLandscapeResources/WhiteSquareTexture.uexp" 886
"../../../Engine/Content/EditorLandscapeResources/SelectBrushMaterial.uasset" 887
"../../../Engine/Content/EditorLandscapeResources/SelectBrushMaterial.uexp" 888
"../../../Engine/Content/EditorLandscapeResources/SelectBrushMaterial_SelectedRegion.uasset" 889
"../../../Engine/Content/EditorLandscapeResources/SelectBrushMaterial_SelectedRegion.uexp" 890
"../../../Engine/Content/EditorLandscapeResources/SelectBrushMaterial_Selected.uasset" 891
"../../../Engine/Content/EditorLandscapeResources/SelectBrushMaterial_Selected.uexp" 892
"../../../Engine/Content/EditorResources/S_Actor.uasset" 893
"../../../Engine/Content/EditorResources/S_Actor.ubulk" 894
"../../../Engine/Content/EditorResources/S_Actor.uexp" 895
"../../../Engine/Content/BasicShapes/Cone.uasset" 896
"../../../Engine/Content/BasicShapes/Cone.ubulk" 897
"../../../Engine/Content/BasicShapes/Cone.uexp" 898
"../../../Engine/Content/EditorLandscapeResources/MaskBrushMaterial.uasset" 899
"../../../Engine/Content/EditorLandscapeResources/MaskBrushMaterial.uexp" 900
"../../../Engine/Content/EditorLandscapeResources/MaskBrushMaterial_MaskedRegion.uasset" 901
"../../../Engine/Content/EditorLandscapeResources/MaskBrushMaterial_MaskedRegion.uexp" 902
"../../../Engine/Content/EditorLandscapeResources/LayerVisMaterial.uasset" 903
"../../../Engine/Content/EditorLandscapeResources/LayerVisMaterial.uexp" 904
"../../../Engine/Content/EngineMaterials/GizmoMaterial.uasset" 905
"../../../Engine/Content/EngineMaterials/GizmoMaterial.uexp" 906
"../../../Engine/Content/Functions/Engine_MaterialFunctions01/Texturing/TextureCropping.uasset" 907
"../../../Engine/Content/Functions/Engine_MaterialFunctions01/Texturing/TextureCropping.uexp" 908
"../../../Engine/Content/Functions/Engine_MaterialFunctions02/ExampleContent/DebugNumberStrip.uasset" 909
"../../../Engine/Content/Functions/Engine_MaterialFunctions02/ExampleContent/DebugNumberStrip.uexp" 910
"../../../Engine/Content/Functions/Engine_MaterialFunctions01/Debug/DebugIntValues.uasset" 911
"../../../Engine/Content/Functions/Engine_MaterialFunctions01/Debug/DebugIntValues.uexp" 912
"../../../Engine/Content/Functions/Engine_MaterialFunctions02/WorldPositionOffset/LocalPosition.uasset" 913
"../../../Engine/Content/Functions/Engine_MaterialFunctions02/WorldPositionOffset/LocalPosition.uexp" 914
"../../../Engine/Content/EditorLandscapeResources/LandscapeLayerUsageMaterial.uasset" 915
"../../../Engine/Content/EditorLandscapeResources/LandscapeLayerUsageMaterial.uexp" 916
"../../../Engine/Content/EngineMaterials/BaseFlattenDiffuseMap_VT.uasset" 917
"../../../Engine/Content/EngineMaterials/BaseFlattenDiffuseMap_VT.ubulk" 918
"../../../Engine/Content/EngineMaterials/BaseFlattenDiffuseMap_VT.uexp" 919
"../../../Engine/Content/EngineMaterials/BaseFlattenEmissiveMap_VT.uasset" 920
"../../../Engine/Content/EngineMaterials/BaseFlattenEmissiveMap_VT.ubulk" 921
"../../../Engine/Content/EngineMaterials/BaseFlattenEmissiveMap_VT.uexp" 922
"../../../Engine/Content/EngineMaterials/BaseFlattenGrayscaleMap_VT.uasset" 923
"../../../Engine/Content/EngineMaterials/BaseFlattenGrayscaleMap_VT.ubulk" 924
"../../../Engine/Content/EngineMaterials/BaseFlattenGrayscaleMap_VT.uexp" 925
"../../../Engine/Content/EngineMaterials/BaseFlattenLinearColor_VT.uasset" 926
"../../../Engine/Content/EngineMaterials/BaseFlattenLinearColor_VT.ubulk" 927
"../../../Engine/Content/EngineMaterials/BaseFlattenLinearColor_VT.uexp" 928
"../../../Engine/Content/EngineMaterials/BaseFlattenNormalMap_VT.uasset" 929
"../../../Engine/Content/EngineMaterials/BaseFlattenNormalMap_VT.ubulk" 930
"../../../Engine/Content/EngineMaterials/BaseFlattenNormalMap_VT.uexp" 931
"../../../Engine/Content/EngineMaterials/Black_1x1_EXR_Texture_VT.uasset" 932
"../../../Engine/Content/EngineMaterials/Black_1x1_EXR_Texture_VT.ubulk" 933
"../../../Engine/Content/EngineMaterials/Black_1x1_EXR_Texture_VT.uexp" 934
"../../../Engine/Content/EngineMaterials/FlattenMaterial_WS_Normal_VT.uasset" 935
"../../../Engine/Content/EngineMaterials/FlattenMaterial_WS_Normal_VT.uexp" 936
"../../../Engine/Plugins/NNE/NNEDenoiser/Content/NNE_oidn2-3-0_rt_hdr_calb_cnrm_large__dyn__fp16_opset11_ForwardAlpha.uasset" 937
"../../../Engine/Plugins/NNE/NNEDenoiser/Content/NNE_oidn2-3-0_rt_hdr_calb_cnrm_large__dyn__fp16_opset11_ForwardAlpha.uexp" 938
"../../../Engine/Content/EngineMaterials/FlattenMaterial_VT.uasset" 939
"../../../Engine/Content/EngineMaterials/FlattenMaterial_VT.uexp" 940
"../../../Engine/Plugins/NNE/NNEDenoiser/Content/NNE_oidn2-3-0_rt_hdr_calb_cnrm_large__dyn__fp16_opset11_DenoiseAlpha.uasset" 941
"../../../Engine/Plugins/NNE/NNEDenoiser/Content/NNE_oidn2-3-0_rt_hdr_calb_cnrm_large__dyn__fp16_opset11_DenoiseAlpha.uexp" 942
"../../../Engine/Plugins/NNE/NNEDenoiser/Content/NNE_oidn2-3-0_rt_hdr_alb_nrm__dyn__fp16_opset11_ForwardAlpha.uasset" 943
"../../../Engine/Plugins/NNE/NNEDenoiser/Content/NNE_oidn2-3-0_rt_hdr_alb_nrm__dyn__fp16_opset11_ForwardAlpha.uexp" 944
"../../../Engine/Plugins/NNE/NNEDenoiser/Content/NNE_oidn2-3-0_rt_hdr_alb_nrm__dyn__fp16_opset11_DenoiseAlpha.uasset" 945
"../../../Engine/Plugins/NNE/NNEDenoiser/Content/NNE_oidn2-3-0_rt_hdr_alb_nrm__dyn__fp16_opset11_DenoiseAlpha.uexp" 946
"../../../Engine/Plugins/NNE/NNEDenoiser/Content/NNE_oidn2-3-0_rt_hdr_alb_nrm_small__dyn__fp16_opset11_ForwardAlpha.uasset" 947
"../../../Engine/Plugins/NNE/NNEDenoiser/Content/NNE_oidn2-3-0_rt_hdr_alb_nrm_small__dyn__fp16_opset11_ForwardAlpha.uexp" 948
"../../../Engine/Content/EngineMaterials/BaseFlattenDiffuseMap.uasset" 949
"../../../Engine/Content/EngineMaterials/BaseFlattenDiffuseMap.uexp" 950
"../../../Engine/Content/EngineMaterials/BaseFlattenEmissiveMap.uasset" 951
"../../../Engine/Content/EngineMaterials/BaseFlattenEmissiveMap.uexp" 952
"../../../Engine/Content/EngineMaterials/BaseFlattenGrayscaleMap.uasset" 953
"../../../Engine/Content/EngineMaterials/BaseFlattenGrayscaleMap.uexp" 954
"../../../Engine/Content/EngineMaterials/BaseFlattenNormalMap.uasset" 955
"../../../Engine/Content/EngineMaterials/BaseFlattenNormalMap.uexp" 956
"../../../Engine/Content/EngineMaterials/FlattenMaterial.uasset" 957
"../../../Engine/Content/EngineMaterials/FlattenMaterial.uexp" 958
"../../../Engine/Plugins/NNE/NNEDenoiser/Content/NNE_oidn2-3-0_rt_hdr_alb_nrm_small__dyn__fp16_opset11_DenoiseAlpha.uasset" 959
"../../../Engine/Plugins/NNE/NNEDenoiser/Content/NNE_oidn2-3-0_rt_hdr_alb_nrm_small__dyn__fp16_opset11_DenoiseAlpha.uexp" 960
"../../../Engine/Plugins/NNE/NNEDenoiser/Content/NNED_Oidn2-3_HighQuality_Alpha.uasset" 961
"../../../Engine/Plugins/NNE/NNEDenoiser/Content/NNED_Oidn2-3_HighQuality_Alpha.uexp" 962
"../../../Engine/Plugins/NNE/NNEDenoiser/Content/NNED_Oidn2-3_HighQuality.uasset" 963
"../../../Engine/Plugins/NNE/NNEDenoiser/Content/NNED_Oidn2-3_HighQuality.uexp" 964
"../../../Engine/Plugins/NNE/NNEDenoiser/Content/NNED_Oidn2-3_Fast_Alpha.uasset" 965
"../../../Engine/Plugins/NNE/NNEDenoiser/Content/NNED_Oidn2-3_Fast_Alpha.uexp" 966
"../../../Engine/Plugins/NNE/NNEDenoiser/Content/NNED_Oidn2-3_Fast.uasset" 967
"../../../Engine/Plugins/NNE/NNEDenoiser/Content/NNED_Oidn2-3_Fast.uexp" 968
"../../../Engine/Plugins/NNE/NNEDenoiser/Content/NNED_Oidn2-3_Balanced_Alpha.uasset" 969
"../../../Engine/Plugins/NNE/NNEDenoiser/Content/NNED_Oidn2-3_Balanced_Alpha.uexp" 970
"../../../Engine/Plugins/NNE/NNEDenoiser/Content/NNED_Oidn2-3_Balanced.uasset" 971
"../../../Engine/Plugins/NNE/NNEDenoiser/Content/NNED_Oidn2-3_Balanced.uexp" 972
"../../../Engine/Plugins/NNE/NNEDenoiser/Content/NNEDT_Oidn2-3_Balanced_Alpha.uasset" 973
"../../../Engine/Plugins/NNE/NNEDenoiser/Content/NNEDT_Oidn2-3_Balanced_Alpha.uexp" 974
"../../../Engine/Plugins/NNE/NNEDenoiser/Content/NNEDT_Oidn2-3_Balanced.uasset" 975
"../../../Engine/Plugins/NNE/NNEDenoiser/Content/NNEDT_Oidn2-3_Balanced.uexp" 976
"../../../Engine/Content/EngineMaterials/FastBlueNoise_vec2_128x128x64.uasset" 977
"../../../Engine/Content/EngineMaterials/FastBlueNoise_vec2_128x128x64.uexp" 978
"../../../Engine/Content/EditorLandscapeResources/LandscapeDirtyMaterial.uasset" 979
"../../../Engine/Content/EditorLandscapeResources/LandscapeDirtyMaterial.uexp" 980
"../../../Engine/Plugins/Media/MediaPlate/Content/SM_MediaPlateScreen.uasset" 981
"../../../Engine/Plugins/Media/MediaPlate/Content/SM_MediaPlateScreen.ubulk" 982
"../../../Engine/Plugins/Media/MediaPlate/Content/SM_MediaPlateScreen.uexp" 983
"../../../Engine/Content/EditorResources/BSPVertex.uasset" 984
"../../../Engine/Content/EditorResources/BSPVertex.uexp" 985
"../../../Engine/Content/EditorLandscapeResources/ColorMaskBrushMaterial.uasset" 986
"../../../Engine/Content/EditorLandscapeResources/ColorMaskBrushMaterial.uexp" 987
"../../../Engine/Content/EditorLandscapeResources/ColorMaskBrushMaterial_MaskedRegion.uasset" 988
"../../../Engine/Content/EditorLandscapeResources/ColorMaskBrushMaterial_MaskedRegion.uexp" 989
"../../../Engine/Content/EngineDebugMaterials/VolumeToRender.uasset" 990
"../../../Engine/Content/EngineDebugMaterials/VolumeToRender.uexp" 991
"../../../Engine/Content/EngineDebugMaterials/M_VolumeRenderSphereTracePP.uasset" 992
"../../../Engine/Content/EngineDebugMaterials/M_VolumeRenderSphereTracePP.uexp" 993
"../../../Engine/Content/EngineDebugMaterials/M_SimpleUnlitTranslucent.uasset" 994
"../../../Engine/Content/EngineDebugMaterials/M_SimpleUnlitTranslucent.uexp" 995
"../../../Engine/Content/EngineDebugMaterials/DebugMeshMaterial.uasset" 996
"../../../Engine/Content/EngineDebugMaterials/DebugMeshMaterial.uexp" 997
"../../../Engine/Content/EngineDebugMaterials/DebugEditorMaterial.uasset" 998
"../../../Engine/Content/EngineDebugMaterials/DebugEditorMaterial.uexp" 999
"../../../Engine/Plugins/Animation/ControlRig/Content/Controls/ControlRig_Wedge_solid.uasset" 1000
"../../../Engine/Plugins/Animation/ControlRig/Content/Controls/ControlRig_Wedge_solid.ubulk" 1001
"../../../Engine/Plugins/Animation/ControlRig/Content/Controls/ControlRig_Wedge_solid.uexp" 1002
"../../../Engine/Plugins/Animation/ControlRig/Content/Controls/ControlRig_Wedge_3mm.uasset" 1003
"../../../Engine/Plugins/Animation/ControlRig/Content/Controls/ControlRig_Wedge_3mm.ubulk" 1004
"../../../Engine/Plugins/Animation/ControlRig/Content/Controls/ControlRig_Wedge_3mm.uexp" 1005
"../../../Engine/Plugins/Animation/ControlRig/Content/Controls/ControlRig_Wedge_1mm.uasset" 1006
"../../../Engine/Plugins/Animation/ControlRig/Content/Controls/ControlRig_Wedge_1mm.ubulk" 1007
"../../../Engine/Plugins/Animation/ControlRig/Content/Controls/ControlRig_Wedge_1mm.uexp" 1008
"../../../Engine/Plugins/Animation/ControlRig/Content/Controls/ControlRig_Triangle_solid.uasset" 1009
"../../../Engine/Plugins/Animation/ControlRig/Content/Controls/ControlRig_Triangle_solid.ubulk" 1010
"../../../Engine/Plugins/Animation/ControlRig/Content/Controls/ControlRig_Triangle_solid.uexp" 1011
"../../../Engine/Plugins/Animation/ControlRig/Content/Controls/ControlRig_Triangle_3mm.uasset" 1012
"../../../Engine/Plugins/Animation/ControlRig/Content/Controls/ControlRig_Triangle_3mm.ubulk" 1013
"../../../Engine/Plugins/Animation/ControlRig/Content/Controls/ControlRig_Triangle_3mm.uexp" 1014
"../../../Engine/Plugins/Animation/ControlRig/Content/Controls/ControlRig_Triangle_1mm.uasset" 1015
"../../../Engine/Plugins/Animation/ControlRig/Content/Controls/ControlRig_Triangle_1mm.ubulk" 1016
"../../../Engine/Plugins/Animation/ControlRig/Content/Controls/ControlRig_Triangle_1mm.uexp" 1017
"../../../Engine/Plugins/Animation/ControlRig/Content/Controls/ControlRig_Star4_solid.uasset" 1018
"../../../Engine/Plugins/Animation/ControlRig/Content/Controls/ControlRig_Star4_solid.ubulk" 1019
"../../../Engine/Plugins/Animation/ControlRig/Content/Controls/ControlRig_Star4_solid.uexp" 1020
"../../../Engine/Plugins/Animation/ControlRig/Content/Controls/ControlRig_Star4_3mm.uasset" 1021
"../../../Engine/Plugins/Animation/ControlRig/Content/Controls/ControlRig_Star4_3mm.ubulk" 1022
"../../../Engine/Plugins/Animation/ControlRig/Content/Controls/ControlRig_Star4_3mm.uexp" 1023
"../../../Engine/Plugins/Animation/ControlRig/Content/Controls/ControlRig_Star4_1mm.uasset" 1024
"../../../Engine/Plugins/Animation/ControlRig/Content/Controls/ControlRig_Star4_1mm.ubulk" 1025
"../../../Engine/Plugins/Animation/ControlRig/Content/Controls/ControlRig_Star4_1mm.uexp" 1026
"../../../Engine/Plugins/Animation/ControlRig/Content/Controls/ControlRig_Square_solid.uasset" 1027
"../../../Engine/Plugins/Animation/ControlRig/Content/Controls/ControlRig_Square_solid.ubulk" 1028
"../../../Engine/Plugins/Animation/ControlRig/Content/Controls/ControlRig_Square_solid.uexp" 1029
"../../../Engine/Plugins/Animation/ControlRig/Content/Controls/ControlRig_Square_3mm.uasset" 1030
"../../../Engine/Plugins/Animation/ControlRig/Content/Controls/ControlRig_Square_3mm.ubulk" 1031
"../../../Engine/Plugins/Animation/ControlRig/Content/Controls/ControlRig_Square_3mm.uexp" 1032
"../../../Engine/Plugins/Animation/ControlRig/Content/Controls/ControlRig_Square_1mm.uasset" 1033
"../../../Engine/Plugins/Animation/ControlRig/Content/Controls/ControlRig_Square_1mm.ubulk" 1034
"../../../Engine/Plugins/Animation/ControlRig/Content/Controls/ControlRig_Square_1mm.uexp" 1035
"../../../Engine/Plugins/Animation/ControlRig/Content/Controls/ControlRig_Sphere_solid.uasset" 1036
"../../../Engine/Plugins/Animation/ControlRig/Content/Controls/ControlRig_Sphere_solid.ubulk" 1037
"../../../Engine/Plugins/Animation/ControlRig/Content/Controls/ControlRig_Sphere_solid.uexp" 1038
"../../../Engine/Plugins/Animation/ControlRig/Content/Controls/ControlRig_Sphere_3mm.uasset" 1039
"../../../Engine/Plugins/Animation/ControlRig/Content/Controls/ControlRig_Sphere_3mm.ubulk" 1040
"../../../Engine/Plugins/Animation/ControlRig/Content/Controls/ControlRig_Sphere_3mm.uexp" 1041
"../../../Engine/Plugins/Animation/ControlRig/Content/Controls/ControlRig_Sphere_1mm.uasset" 1042
"../../../Engine/Plugins/Animation/ControlRig/Content/Controls/ControlRig_Sphere_1mm.ubulk" 1043
"../../../Engine/Plugins/Animation/ControlRig/Content/Controls/ControlRig_Sphere_1mm.uexp" 1044
"../../../Engine/Plugins/Animation/ControlRig/Content/Controls/ControlRig_RoundedTriangle_solid.uasset" 1045
"../../../Engine/Plugins/Animation/ControlRig/Content/Controls/ControlRig_RoundedTriangle_solid.ubulk" 1046
"../../../Engine/Plugins/Animation/ControlRig/Content/Controls/ControlRig_RoundedTriangle_solid.uexp" 1047
"../../../Engine/Plugins/Animation/ControlRig/Content/Controls/ControlRig_RoundedTriangle_3mm.uasset" 1048
"../../../Engine/Plugins/Animation/ControlRig/Content/Controls/ControlRig_RoundedTriangle_3mm.ubulk" 1049
"../../../Engine/Plugins/Animation/ControlRig/Content/Controls/ControlRig_RoundedTriangle_3mm.uexp" 1050
"../../../Engine/Plugins/Animation/ControlRig/Content/Controls/ControlRig_RoundedTriangle_1mm.uasset" 1051
"../../../Engine/Plugins/Animation/ControlRig/Content/Controls/ControlRig_RoundedTriangle_1mm.ubulk" 1052
"../../../Engine/Plugins/Animation/ControlRig/Content/Controls/ControlRig_RoundedTriangle_1mm.uexp" 1053
"../../../Engine/Plugins/Animation/ControlRig/Content/Controls/ControlRig_RoundedSquare_solid.uasset" 1054
"../../../Engine/Plugins/Animation/ControlRig/Content/Controls/ControlRig_RoundedSquare_solid.ubulk" 1055
"../../../Engine/Plugins/Animation/ControlRig/Content/Controls/ControlRig_RoundedSquare_solid.uexp" 1056
"../../../Engine/Plugins/Animation/ControlRig/Content/Controls/ControlRig_RoundedSquare_3mm.uasset" 1057
"../../../Engine/Plugins/Animation/ControlRig/Content/Controls/ControlRig_RoundedSquare_3mm.ubulk" 1058
"../../../Engine/Plugins/Animation/ControlRig/Content/Controls/ControlRig_RoundedSquare_3mm.uexp" 1059
"../../../Engine/Plugins/Animation/ControlRig/Content/Controls/ControlRig_RoundedSquare_1mm.uasset" 1060
"../../../Engine/Plugins/Animation/ControlRig/Content/Controls/ControlRig_RoundedSquare_1mm.ubulk" 1061
"../../../Engine/Plugins/Animation/ControlRig/Content/Controls/ControlRig_RoundedSquare_1mm.uexp" 1062
"../../../Engine/Plugins/Animation/ControlRig/Content/Controls/ControlRig_QuarterCircle_solid.uasset" 1063
"../../../Engine/Plugins/Animation/ControlRig/Content/Controls/ControlRig_QuarterCircle_solid.ubulk" 1064
"../../../Engine/Plugins/Animation/ControlRig/Content/Controls/ControlRig_QuarterCircle_solid.uexp" 1065
"../../../Engine/Plugins/Animation/ControlRig/Content/Controls/ControlRig_QuarterCircle_3mm.uasset" 1066
"../../../Engine/Plugins/Animation/ControlRig/Content/Controls/ControlRig_QuarterCircle_3mm.ubulk" 1067
"../../../Engine/Plugins/Animation/ControlRig/Content/Controls/ControlRig_QuarterCircle_3mm.uexp" 1068
"../../../Engine/Plugins/Animation/ControlRig/Content/Controls/ControlRig_QuarterCircle_1mm.uasset" 1069
"../../../Engine/Plugins/Animation/ControlRig/Content/Controls/ControlRig_QuarterCircle_1mm.ubulk" 1070
"../../../Engine/Plugins/Animation/ControlRig/Content/Controls/ControlRig_QuarterCircle_1mm.uexp" 1071
"../../../Engine/Plugins/Animation/ControlRig/Content/Controls/ControlRig_Pyramid_solid.uasset" 1072
"../../../Engine/Plugins/Animation/ControlRig/Content/Controls/ControlRig_Pyramid_solid.ubulk" 1073
"../../../Engine/Plugins/Animation/ControlRig/Content/Controls/ControlRig_Pyramid_solid.uexp" 1074
"../../../Engine/Plugins/Animation/ControlRig/Content/Controls/ControlRig_Pyramid_3mm.uasset" 1075
"../../../Engine/Plugins/Animation/ControlRig/Content/Controls/ControlRig_Pyramid_3mm.ubulk" 1076
"../../../Engine/Plugins/Animation/ControlRig/Content/Controls/ControlRig_Pyramid_3mm.uexp" 1077
"../../../Engine/Plugins/Animation/ControlRig/Content/Controls/ControlRig_Pyramid_1mm.uasset" 1078
"../../../Engine/Plugins/Animation/ControlRig/Content/Controls/ControlRig_Pyramid_1mm.ubulk" 1079
"../../../Engine/Plugins/Animation/ControlRig/Content/Controls/ControlRig_Pyramid_1mm.uexp" 1080
"../../../Engine/Plugins/Animation/ControlRig/Content/Controls/ControlRig_Octagon_solid.uasset" 1081
"../../../Engine/Plugins/Animation/ControlRig/Content/Controls/ControlRig_Octagon_solid.ubulk" 1082
"../../../Engine/Plugins/Animation/ControlRig/Content/Controls/ControlRig_Octagon_solid.uexp" 1083
"../../../Engine/Plugins/Animation/ControlRig/Content/Controls/ControlRig_Octagon_3mm.uasset" 1084
"../../../Engine/Plugins/Animation/ControlRig/Content/Controls/ControlRig_Octagon_3mm.ubulk" 1085
"../../../Engine/Plugins/Animation/ControlRig/Content/Controls/ControlRig_Octagon_3mm.uexp" 1086
"../../../Engine/Plugins/Animation/ControlRig/Content/Controls/ControlRig_Octagon_1mm.uasset" 1087
"../../../Engine/Plugins/Animation/ControlRig/Content/Controls/ControlRig_Octagon_1mm.ubulk" 1088
"../../../Engine/Plugins/Animation/ControlRig/Content/Controls/ControlRig_Octagon_1mm.uexp" 1089
"../../../Engine/Plugins/Animation/ControlRig/Content/Controls/ControlRig_Hexagon_solid.uasset" 1090
"../../../Engine/Plugins/Animation/ControlRig/Content/Controls/ControlRig_Hexagon_solid.ubulk" 1091
"../../../Engine/Plugins/Animation/ControlRig/Content/Controls/ControlRig_Hexagon_solid.uexp" 1092
"../../../Engine/Plugins/Animation/ControlRig/Content/Controls/ControlRig_Hexagon_3mm.uasset" 1093
"../../../Engine/Plugins/Animation/ControlRig/Content/Controls/ControlRig_Hexagon_3mm.ubulk" 1094
"../../../Engine/Plugins/Animation/ControlRig/Content/Controls/ControlRig_Hexagon_3mm.uexp" 1095
"../../../Engine/Plugins/Animation/ControlRig/Content/Controls/ControlRig_Hexagon_1mm.uasset" 1096
"../../../Engine/Plugins/Animation/ControlRig/Content/Controls/ControlRig_Hexagon_1mm.ubulk" 1097
"../../../Engine/Plugins/Animation/ControlRig/Content/Controls/ControlRig_Hexagon_1mm.uexp" 1098
"../../../Engine/Plugins/Animation/ControlRig/Content/Controls/ControlRig_HalfCircle_solid.uasset" 1099
"../../../Engine/Plugins/Animation/ControlRig/Content/Controls/ControlRig_HalfCircle_solid.ubulk" 1100
"../../../Engine/Plugins/Animation/ControlRig/Content/Controls/ControlRig_HalfCircle_solid.uexp" 1101
"../../../Engine/Plugins/Animation/ControlRig/Content/Controls/ControlRig_HalfCircle_3mm.uasset" 1102
"../../../Engine/Plugins/Animation/ControlRig/Content/Controls/ControlRig_HalfCircle_3mm.ubulk" 1103
"../../../Engine/Plugins/Animation/ControlRig/Content/Controls/ControlRig_HalfCircle_3mm.uexp" 1104
"../../../Engine/Plugins/Animation/ControlRig/Content/Controls/ControlRig_HalfCircle_1mm.uasset" 1105
"../../../Engine/Plugins/Animation/ControlRig/Content/Controls/ControlRig_HalfCircle_1mm.ubulk" 1106
"../../../Engine/Plugins/Animation/ControlRig/Content/Controls/ControlRig_HalfCircle_1mm.uexp" 1107
"../../../Engine/Plugins/Animation/ControlRig/Content/Controls/ControlRig_Diamond_solid.uasset" 1108
"../../../Engine/Plugins/Animation/ControlRig/Content/Controls/ControlRig_Diamond_solid.ubulk" 1109
"../../../Engine/Plugins/Animation/ControlRig/Content/Controls/ControlRig_Diamond_solid.uexp" 1110
"../../../Engine/Plugins/Animation/ControlRig/Content/Controls/ControlRig_Diamond_3mm.uasset" 1111
"../../../Engine/Plugins/Animation/ControlRig/Content/Controls/ControlRig_Diamond_3mm.ubulk" 1112
"../../../Engine/Plugins/Animation/ControlRig/Content/Controls/ControlRig_Diamond_3mm.uexp" 1113
"../../../Engine/Plugins/Animation/ControlRig/Content/Controls/ControlRig_Diamond_1mm.uasset" 1114
"../../../Engine/Plugins/Animation/ControlRig/Content/Controls/ControlRig_Diamond_1mm.ubulk" 1115
"../../../Engine/Plugins/Animation/ControlRig/Content/Controls/ControlRig_Diamond_1mm.uexp" 1116
"../../../Engine/Plugins/Animation/ControlRig/Content/Controls/ControlRig_Circle_solid.uasset" 1117
"../../../Engine/Plugins/Animation/ControlRig/Content/Controls/ControlRig_Circle_solid.ubulk" 1118
"../../../Engine/Plugins/Animation/ControlRig/Content/Controls/ControlRig_Circle_solid.uexp" 1119
"../../../Engine/Plugins/Animation/ControlRig/Content/Controls/ControlRig_Circle_3mm.uasset" 1120
"../../../Engine/Plugins/Animation/ControlRig/Content/Controls/ControlRig_Circle_3mm.ubulk" 1121
"../../../Engine/Plugins/Animation/ControlRig/Content/Controls/ControlRig_Circle_3mm.uexp" 1122
"../../../Engine/Plugins/Animation/ControlRig/Content/Controls/ControlRig_Circle_1mm.uasset" 1123
"../../../Engine/Plugins/Animation/ControlRig/Content/Controls/ControlRig_Circle_1mm.ubulk" 1124
"../../../Engine/Plugins/Animation/ControlRig/Content/Controls/ControlRig_Circle_1mm.uexp" 1125
"../../../Engine/Plugins/Animation/ControlRig/Content/Controls/ControlRig_Box_solid.uasset" 1126
"../../../Engine/Plugins/Animation/ControlRig/Content/Controls/ControlRig_Box_solid.ubulk" 1127
"../../../Engine/Plugins/Animation/ControlRig/Content/Controls/ControlRig_Box_solid.uexp" 1128
"../../../Engine/Plugins/Animation/ControlRig/Content/Controls/ControlRig_Box_3mm.uasset" 1129
"../../../Engine/Plugins/Animation/ControlRig/Content/Controls/ControlRig_Box_3mm.ubulk" 1130
"../../../Engine/Plugins/Animation/ControlRig/Content/Controls/ControlRig_Box_3mm.uexp" 1131
"../../../Engine/Plugins/Animation/ControlRig/Content/Controls/ControlRig_Box_1mm.uasset" 1132
"../../../Engine/Plugins/Animation/ControlRig/Content/Controls/ControlRig_Box_1mm.ubulk" 1133
"../../../Engine/Plugins/Animation/ControlRig/Content/Controls/ControlRig_Box_1mm.uexp" 1134
"../../../Engine/Plugins/Animation/ControlRig/Content/Controls/ControlRig_Arrow_solid.uasset" 1135
"../../../Engine/Plugins/Animation/ControlRig/Content/Controls/ControlRig_Arrow_solid.ubulk" 1136
"../../../Engine/Plugins/Animation/ControlRig/Content/Controls/ControlRig_Arrow_solid.uexp" 1137
"../../../Engine/Plugins/Animation/ControlRig/Content/Controls/ControlRig_Arrow_3mm.uasset" 1138
"../../../Engine/Plugins/Animation/ControlRig/Content/Controls/ControlRig_Arrow_3mm.ubulk" 1139
"../../../Engine/Plugins/Animation/ControlRig/Content/Controls/ControlRig_Arrow_3mm.uexp" 1140
"../../../Engine/Plugins/Animation/ControlRig/Content/Controls/ControlRig_Arrow_1mm.uasset" 1141
"../../../Engine/Plugins/Animation/ControlRig/Content/Controls/ControlRig_Arrow_1mm.ubulk" 1142
"../../../Engine/Plugins/Animation/ControlRig/Content/Controls/ControlRig_Arrow_1mm.uexp" 1143
"../../../Engine/Plugins/Animation/ControlRig/Content/Controls/ControlRig_Arrow4_solid.uasset" 1144
"../../../Engine/Plugins/Animation/ControlRig/Content/Controls/ControlRig_Arrow4_solid.ubulk" 1145
"../../../Engine/Plugins/Animation/ControlRig/Content/Controls/ControlRig_Arrow4_solid.uexp" 1146
"../../../Engine/Plugins/Animation/ControlRig/Content/Controls/ControlRig_Arrow4_3mm.uasset" 1147
"../../../Engine/Plugins/Animation/ControlRig/Content/Controls/ControlRig_Arrow4_3mm.ubulk" 1148
"../../../Engine/Plugins/Animation/ControlRig/Content/Controls/ControlRig_Arrow4_3mm.uexp" 1149
"../../../Engine/Plugins/Animation/ControlRig/Content/Controls/ControlRig_Arrow4_1mm.uasset" 1150
"../../../Engine/Plugins/Animation/ControlRig/Content/Controls/ControlRig_Arrow4_1mm.ubulk" 1151
"../../../Engine/Plugins/Animation/ControlRig/Content/Controls/ControlRig_Arrow4_1mm.uexp" 1152
"../../../Engine/Plugins/Animation/ControlRig/Content/Controls/ControlRig_Arrow2_solid.uasset" 1153
"../../../Engine/Plugins/Animation/ControlRig/Content/Controls/ControlRig_Arrow2_solid.ubulk" 1154
"../../../Engine/Plugins/Animation/ControlRig/Content/Controls/ControlRig_Arrow2_solid.uexp" 1155
"../../../Engine/Plugins/Animation/ControlRig/Content/Controls/ControlRig_Arrow2_3mm.uasset" 1156
"../../../Engine/Plugins/Animation/ControlRig/Content/Controls/ControlRig_Arrow2_3mm.ubulk" 1157
"../../../Engine/Plugins/Animation/ControlRig/Content/Controls/ControlRig_Arrow2_3mm.uexp" 1158
"../../../Engine/Plugins/Animation/ControlRig/Content/Controls/ControlRig_Arrow2_1mm.uasset" 1159
"../../../Engine/Plugins/Animation/ControlRig/Content/Controls/ControlRig_Arrow2_1mm.ubulk" 1160
"../../../Engine/Plugins/Animation/ControlRig/Content/Controls/ControlRig_Arrow2_1mm.uexp" 1161
"../../../Engine/Plugins/Animation/ControlRig/Content/Controls/ControlRigXRayMaterial.uasset" 1162
"../../../Engine/Plugins/Animation/ControlRig/Content/Controls/ControlRigXRayMaterial.uexp" 1163
"../../../Engine/Plugins/Animation/ControlRig/Content/Controls/ControlRigGizmoMaterial.uasset" 1164
"../../../Engine/Plugins/Animation/ControlRig/Content/Controls/ControlRigGizmoMaterial.uexp" 1165
"../../../Engine/Content/Functions/Engine_MaterialFunctions02/SplitComponents.uasset" 1166
"../../../Engine/Content/Functions/Engine_MaterialFunctions02/SplitComponents.uexp" 1167
"../../../Engine/Content/VREditor/SnapGrid/SnapGridMaterial.uasset" 1168
"../../../Engine/Content/VREditor/SnapGrid/SnapGridMaterial.uexp" 1169
"../../../Engine/Content/VREditor/SnapGrid/SnapGridPlaneMesh.uasset" 1170
"../../../Engine/Content/VREditor/SnapGrid/SnapGridPlaneMesh.ubulk" 1171
"../../../Engine/Content/VREditor/SnapGrid/SnapGridPlaneMesh.uexp" 1172
"../../../Engine/Content/VREditor/TransformGizmo/PlaneTranslationHandle.uasset" 1173
"../../../Engine/Content/VREditor/TransformGizmo/PlaneTranslationHandle.ubulk" 1174
"../../../Engine/Content/VREditor/TransformGizmo/PlaneTranslationHandle.uexp" 1175
"../../../Engine/Content/VREditor/TransformGizmo/RotationHandleFull.uasset" 1176
"../../../Engine/Content/VREditor/TransformGizmo/RotationHandleFull.ubulk" 1177
"../../../Engine/Content/VREditor/TransformGizmo/RotationHandleFull.uexp" 1178
"../../../Engine/Content/VREditor/TransformGizmo/RotationHandleIndicator.uasset" 1179
"../../../Engine/Content/VREditor/TransformGizmo/RotationHandleIndicator.ubulk" 1180
"../../../Engine/Content/VREditor/TransformGizmo/RotationHandleIndicator.uexp" 1181
"../../../Engine/Content/VREditor/TransformGizmo/RotationHandleQuarter.uasset" 1182
"../../../Engine/Content/VREditor/TransformGizmo/RotationHandleQuarter.ubulk" 1183
"../../../Engine/Content/VREditor/TransformGizmo/RotationHandleQuarter.uexp" 1184
"../../../Engine/Content/VREditor/TransformGizmo/StartRotationHandleIndicator.uasset" 1185
"../../../Engine/Content/VREditor/TransformGizmo/StartRotationHandleIndicator.ubulk" 1186
"../../../Engine/Content/VREditor/TransformGizmo/StartRotationHandleIndicator.uexp" 1187
"../../../Engine/Content/VREditor/TransformGizmo/TranslucentTransformGizmoMaterial_Inst.uasset" 1188
"../../../Engine/Content/VREditor/TransformGizmo/TranslucentTransformGizmoMaterial_Inst.uexp" 1189
"../../../Engine/Content/VREditor/TransformGizmo/TransformGizmoFreeRotation.uasset" 1190
"../../../Engine/Content/VREditor/TransformGizmo/TransformGizmoFreeRotation.ubulk" 1191
"../../../Engine/Content/VREditor/TransformGizmo/TransformGizmoFreeRotation.uexp" 1192
"../../../Engine/Content/VREditor/TransformGizmo/TransformGizmoMaterial_Inst.uasset" 1193
"../../../Engine/Content/VREditor/TransformGizmo/TransformGizmoMaterial_Inst.uexp" 1194
"../../../Engine/Content/VREditor/TransformGizmo/TranslateArrowHandle.uasset" 1195
"../../../Engine/Content/VREditor/TransformGizmo/TranslateArrowHandle.ubulk" 1196
"../../../Engine/Content/VREditor/TransformGizmo/TranslateArrowHandle.uexp" 1197
"../../../Engine/Content/VREditor/TransformGizmo/UniformScaleHandle.uasset" 1198
"../../../Engine/Content/VREditor/TransformGizmo/UniformScaleHandle.ubulk" 1199
"../../../Engine/Content/VREditor/TransformGizmo/UniformScaleHandle.uexp" 1200
"../../../Engine/Content/VREditor/Sounds/UI/Drop_Item_From_ContentBrowser.uasset" 1201
"../../../Engine/Content/VREditor/Sounds/UI/Drop_Item_From_ContentBrowser.ubulk" 1202
"../../../Engine/Content/VREditor/Sounds/UI/Drop_Item_From_ContentBrowser.uexp" 1203
"../../../Engine/Content/VREditor/Sounds/UI/Gizmo_Handle_Clicked.uasset" 1204
"../../../Engine/Content/VREditor/Sounds/UI/Gizmo_Handle_Clicked.ubulk" 1205
"../../../Engine/Content/VREditor/Sounds/UI/Gizmo_Handle_Clicked.uexp" 1206
"../../../Engine/Content/VREditor/Sounds/UI/Object_PickUp.uasset" 1207
"../../../Engine/Content/VREditor/Sounds/UI/Object_PickUp.ubulk" 1208
"../../../Engine/Content/VREditor/Sounds/UI/Object_PickUp.uexp" 1209
"../../../Engine/Content/VREditor/Sounds/UI/Object_Snaps_To_Another_Actor.uasset" 1210
"../../../Engine/Content/VREditor/Sounds/UI/Object_Snaps_To_Another_Actor.ubulk" 1211
"../../../Engine/Content/VREditor/Sounds/UI/Object_Snaps_To_Another_Actor.uexp" 1212
"../../../Engine/Content/VREditor/Sounds/UI/Object_Snaps_To_Grid.uasset" 1213
"../../../Engine/Content/VREditor/Sounds/UI/Object_Snaps_To_Grid.ubulk" 1214
"../../../Engine/Content/VREditor/Sounds/UI/Object_Snaps_To_Grid.uexp" 1215
"../../../Engine/Content/VREditor/Sounds/UI/Scaling_Down.uasset" 1216
"../../../Engine/Content/VREditor/Sounds/UI/Scaling_Down.ubulk" 1217
"../../../Engine/Content/VREditor/Sounds/UI/Scaling_Down.uexp" 1218
"../../../Engine/Content/VREditor/Sounds/UI/Scaling_Up.uasset" 1219
"../../../Engine/Content/VREditor/Sounds/UI/Scaling_Up.ubulk" 1220
"../../../Engine/Content/VREditor/Sounds/UI/Scaling_Up.uexp" 1221
"../../../Engine/Content/VREditor/Sounds/UI/Selection_Changes.uasset" 1222
"../../../Engine/Content/VREditor/Sounds/UI/Selection_Changes.ubulk" 1223
"../../../Engine/Content/VREditor/Sounds/UI/Selection_Changes.uexp" 1224
"../../../Engine/Content/EngineDebugMaterials/BlackUnlitMaterial.uasset" 1225
"../../../Engine/Content/EngineDebugMaterials/BlackUnlitMaterial.uexp" 1226
"../../../Engine/Content/BasicShapes/Cube.uasset" 1227
"../../../Engine/Content/BasicShapes/Cube.ubulk" 1228
"../../../Engine/Content/BasicShapes/Cube.uexp" 1229
"../../../Engine/Content/BasicShapes/BasicShapeMaterial.uasset" 1230
"../../../Engine/Content/BasicShapes/BasicShapeMaterial.uexp" 1231
"../../../Engine/Plugins/Marketplace/BobsScan9824cc5c9e03V6/Content/MPC_Lidar.uasset" 1232
"../../../Engine/Plugins/Marketplace/BobsScan9824cc5c9e03V6/Content/MPC_Lidar.uexp" 1233
"../../../Engine/Plugins/Marketplace/BobsScan9824cc5c9e03V6/Content/Textures/lidarPoint.uasset" 1234
"../../../Engine/Plugins/Marketplace/BobsScan9824cc5c9e03V6/Content/Textures/lidarPoint.ubulk" 1235
"../../../Engine/Plugins/Marketplace/BobsScan9824cc5c9e03V6/Content/Textures/lidarPoint.uexp" 1236
"../../../Engine/Plugins/Marketplace/BobsScan9824cc5c9e03V6/Content/Materials/MF_GetStencilFromParticleAlpha.uasset" 1237
"../../../Engine/Plugins/Marketplace/BobsScan9824cc5c9e03V6/Content/Materials/MF_GetStencilFromParticleAlpha.uexp" 1238
"../../../Engine/Plugins/Marketplace/BobsScan9824cc5c9e03V6/Content/Textures/Color_Std.uasset" 1239
"../../../Engine/Plugins/Marketplace/BobsScan9824cc5c9e03V6/Content/Textures/Color_Std.uexp" 1240
"../../../Engine/Plugins/Marketplace/BobsScan9824cc5c9e03V6/Content/Textures/Elevation_Std.uasset" 1241
"../../../Engine/Plugins/Marketplace/BobsScan9824cc5c9e03V6/Content/Textures/Elevation_Std.uexp" 1242
"../../../Engine/Plugins/Marketplace/BobsScan9824cc5c9e03V6/Content/Materials/M_LidarDots.uasset" 1243
"../../../Engine/Plugins/Marketplace/BobsScan9824cc5c9e03V6/Content/Materials/M_LidarDots.uexp" 1244
"../../../Engine/Plugins/Marketplace/BobsScan9824cc5c9e03V6/Content/NS_LidarScanner.uasset" 1245
"../../../Engine/Plugins/Marketplace/BobsScan9824cc5c9e03V6/Content/NS_LidarScanner.uexp" 1246
"../../../Engine/Plugins/Marketplace/BobsScan9824cc5c9e03V6/Content/Input/IA_ChangeScanWidth.uasset" 1247
"../../../Engine/Plugins/Marketplace/BobsScan9824cc5c9e03V6/Content/Input/IA_ChangeScanWidth.uexp" 1248
"../../../Engine/Plugins/Marketplace/BobsScan9824cc5c9e03V6/Content/Input/IA_OpenLidarMenu.uasset" 1249
"../../../Engine/Plugins/Marketplace/BobsScan9824cc5c9e03V6/Content/Input/IA_OpenLidarMenu.uexp" 1250
"../../../Engine/Plugins/Marketplace/BobsScan9824cc5c9e03V6/Content/Input/IA_SwitchBeamAngle.uasset" 1251
"../../../Engine/Plugins/Marketplace/BobsScan9824cc5c9e03V6/Content/Input/IA_SwitchBeamAngle.uexp" 1252
"../../../Engine/Plugins/Marketplace/BobsScan9824cc5c9e03V6/Content/Input/IA_ToggleScanner.uasset" 1253
"../../../Engine/Plugins/Marketplace/BobsScan9824cc5c9e03V6/Content/Input/IA_ToggleScanner.uexp" 1254
"../../../Engine/Plugins/Marketplace/BobsScan9824cc5c9e03V6/Content/Input/IMX_LidarTool.uasset" 1255
"../../../Engine/Plugins/Marketplace/BobsScan9824cc5c9e03V6/Content/Input/IMX_LidarTool.uexp" 1256
"../../../Engine/Plugins/Marketplace/BobsScan9824cc5c9e03V6/Content/Textures/RT_LidarDepthTexture.uasset" 1257
"../../../Engine/Plugins/Marketplace/BobsScan9824cc5c9e03V6/Content/Textures/RT_LidarDepthTexture.uexp" 1258
"../../../Engine/Plugins/Marketplace/BobsScan9824cc5c9e03V6/Content/UI/W_LidarMenu.uasset" 1259
"../../../Engine/Plugins/Marketplace/BobsScan9824cc5c9e03V6/Content/UI/W_LidarMenu.uexp" 1260
"../../../Engine/Plugins/Marketplace/BobsScan9824cc5c9e03V6/Content/Textures/Color_Duet.uasset" 1261
"../../../Engine/Plugins/Marketplace/BobsScan9824cc5c9e03V6/Content/Textures/Color_Duet.ubulk" 1262
"../../../Engine/Plugins/Marketplace/BobsScan9824cc5c9e03V6/Content/Textures/Color_Duet.uexp" 1263
"../../../Engine/Plugins/Marketplace/BobsScan9824cc5c9e03V6/Content/Textures/Elevation_Duet.uasset" 1264
"../../../Engine/Plugins/Marketplace/BobsScan9824cc5c9e03V6/Content/Textures/Elevation_Duet.ubulk" 1265
"../../../Engine/Plugins/Marketplace/BobsScan9824cc5c9e03V6/Content/Textures/Elevation_Duet.uexp" 1266
"../../../Engine/Plugins/Marketplace/BobsScan9824cc5c9e03V6/Content/Materials/Transparent/M_Lidar_Deutran.uasset" 1267
"../../../Engine/Plugins/Marketplace/BobsScan9824cc5c9e03V6/Content/Materials/Transparent/M_Lidar_Deutran.uexp" 1268
"../../../Engine/Plugins/Marketplace/BobsScan9824cc5c9e03V6/Content/Textures/Color_Protan.uasset" 1269
"../../../Engine/Plugins/Marketplace/BobsScan9824cc5c9e03V6/Content/Textures/Color_Protan.ubulk" 1270
"../../../Engine/Plugins/Marketplace/BobsScan9824cc5c9e03V6/Content/Textures/Color_Protan.uexp" 1271
"../../../Engine/Plugins/Marketplace/BobsScan9824cc5c9e03V6/Content/Textures/Elevation_Prot.uasset" 1272
"../../../Engine/Plugins/Marketplace/BobsScan9824cc5c9e03V6/Content/Textures/Elevation_Prot.ubulk" 1273
"../../../Engine/Plugins/Marketplace/BobsScan9824cc5c9e03V6/Content/Textures/Elevation_Prot.uexp" 1274
"../../../Engine/Plugins/Marketplace/BobsScan9824cc5c9e03V6/Content/Materials/Transparent/M_Lidar_Protan.uasset" 1275
"../../../Engine/Plugins/Marketplace/BobsScan9824cc5c9e03V6/Content/Materials/Transparent/M_Lidar_Protan.uexp" 1276
"../../../Engine/Plugins/Marketplace/BobsScan9824cc5c9e03V6/Content/Textures/Color_Trit.uasset" 1277
"../../../Engine/Plugins/Marketplace/BobsScan9824cc5c9e03V6/Content/Textures/Color_Trit.ubulk" 1278
"../../../Engine/Plugins/Marketplace/BobsScan9824cc5c9e03V6/Content/Textures/Color_Trit.uexp" 1279
"../../../Engine/Plugins/Marketplace/BobsScan9824cc5c9e03V6/Content/Textures/Elevation_Trit.uasset" 1280
"../../../Engine/Plugins/Marketplace/BobsScan9824cc5c9e03V6/Content/Textures/Elevation_Trit.ubulk" 1281
"../../../Engine/Plugins/Marketplace/BobsScan9824cc5c9e03V6/Content/Textures/Elevation_Trit.uexp" 1282
"../../../Engine/Plugins/Marketplace/BobsScan9824cc5c9e03V6/Content/Materials/Transparent/M_Lidar_Tritan.uasset" 1283
"../../../Engine/Plugins/Marketplace/BobsScan9824cc5c9e03V6/Content/Materials/Transparent/M_Lidar_Tritan.uexp" 1284
"../../../Engine/Plugins/Marketplace/BobsScan9824cc5c9e03V6/Content/BP_Scanner.uasset" 1285
"../../../Engine/Plugins/Marketplace/BobsScan9824cc5c9e03V6/Content/BP_Scanner.uexp" 1286
"G:/UNI/Masters/ENDGAME/MoriDistrictGame 5.7/Content/FirstPerson/W_DemoControls.uasset" 1287
"G:/UNI/Masters/ENDGAME/MoriDistrictGame 5.7/Content/FirstPerson/W_DemoControls.uexp" 1288
"G:/UNI/Masters/ENDGAME/MoriDistrictGame 5.7/Content/Input/Actions/IA_Jump.uasset" 1289
"G:/UNI/Masters/ENDGAME/MoriDistrictGame 5.7/Content/Input/Actions/IA_Jump.uexp" 1290
"G:/UNI/Masters/ENDGAME/MoriDistrictGame 5.7/Content/Input/Actions/IA_Look.uasset" 1291
"G:/UNI/Masters/ENDGAME/MoriDistrictGame 5.7/Content/Input/Actions/IA_Look.uexp" 1292
"G:/UNI/Masters/ENDGAME/MoriDistrictGame 5.7/Content/Input/Actions/IA_Move.uasset" 1293
"G:/UNI/Masters/ENDGAME/MoriDistrictGame 5.7/Content/Input/Actions/IA_Move.uexp" 1294
"G:/UNI/Masters/ENDGAME/MoriDistrictGame 5.7/Content/Input/Actions/IA_MouseLook.uasset" 1295
"G:/UNI/Masters/ENDGAME/MoriDistrictGame 5.7/Content/Input/Actions/IA_MouseLook.uexp" 1296
"G:/UNI/Masters/ENDGAME/MoriDistrictGame 5.7/Content/LIDAR/Inputs/IA_Scan.uasset" 1297
"G:/UNI/Masters/ENDGAME/MoriDistrictGame 5.7/Content/LIDAR/Inputs/IA_Scan.uexp" 1298
"../../../Engine/Content/BasicShapes/Plane.uasset" 1299
"../../../Engine/Content/BasicShapes/Plane.ubulk" 1300
"../../../Engine/Content/BasicShapes/Plane.uexp" 1301
"G:/UNI/Masters/ENDGAME/MoriDistrictGame 5.7/Content/Inputs/IA_Drive.uasset" 1302
"G:/UNI/Masters/ENDGAME/MoriDistrictGame 5.7/Content/Inputs/IA_Drive.uexp" 1303
"G:/UNI/Masters/ENDGAME/MoriDistrictGame 5.7/Content/Inputs/IA_Turn.uasset" 1304
"G:/UNI/Masters/ENDGAME/MoriDistrictGame 5.7/Content/Inputs/IA_Turn.uexp" 1305
"G:/UNI/Masters/ENDGAME/MoriDistrictGame 5.7/Content/Inputs/IMC_Kar.uasset" 1306
"G:/UNI/Masters/ENDGAME/MoriDistrictGame 5.7/Content/Inputs/IMC_Kar.uexp" 1307
"G:/UNI/Masters/ENDGAME/MoriDistrictGame 5.7/Content/kar/kharkovchanka_Base_BaseColor.uasset" 1308
"G:/UNI/Masters/ENDGAME/MoriDistrictGame 5.7/Content/kar/kharkovchanka_Base_BaseColor.ubulk" 1309
"G:/UNI/Masters/ENDGAME/MoriDistrictGame 5.7/Content/kar/kharkovchanka_Base_BaseColor.uexp" 1310
"G:/UNI/Masters/ENDGAME/MoriDistrictGame 5.7/Content/kar/kharkovchanka_Base_Normal.uasset" 1311
"G:/UNI/Masters/ENDGAME/MoriDistrictGame 5.7/Content/kar/kharkovchanka_Base_Normal.ubulk" 1312
"G:/UNI/Masters/ENDGAME/MoriDistrictGame 5.7/Content/kar/kharkovchanka_Base_Normal.uexp" 1313
"G:/UNI/Masters/ENDGAME/MoriDistrictGame 5.7/Content/kar/kharkovchanka_Base_OcclusionRoughnessMetallic.uasset" 1314
"G:/UNI/Masters/ENDGAME/MoriDistrictGame 5.7/Content/kar/kharkovchanka_Base_OcclusionRoughnessMetallic.ubulk" 1315
"G:/UNI/Masters/ENDGAME/MoriDistrictGame 5.7/Content/kar/kharkovchanka_Base_OcclusionRoughnessMetallic.uexp" 1316
"G:/UNI/Masters/ENDGAME/MoriDistrictGame 5.7/Content/kar/Kar_base.uasset" 1317
"G:/UNI/Masters/ENDGAME/MoriDistrictGame 5.7/Content/kar/Kar_base.uexp" 1318
"G:/UNI/Masters/ENDGAME/MoriDistrictGame 5.7/Content/kar/kharkovchanka_Misc_BaseColor.uasset" 1319
"G:/UNI/Masters/ENDGAME/MoriDistrictGame 5.7/Content/kar/kharkovchanka_Misc_BaseColor.ubulk" 1320
"G:/UNI/Masters/ENDGAME/MoriDistrictGame 5.7/Content/kar/kharkovchanka_Misc_BaseColor.uexp" 1321
"G:/UNI/Masters/ENDGAME/MoriDistrictGame 5.7/Content/kar/kharkovchanka_Misc_Normal.uasset" 1322
"G:/UNI/Masters/ENDGAME/MoriDistrictGame 5.7/Content/kar/kharkovchanka_Misc_Normal.ubulk" 1323
"G:/UNI/Masters/ENDGAME/MoriDistrictGame 5.7/Content/kar/kharkovchanka_Misc_Normal.uexp" 1324
"G:/UNI/Masters/ENDGAME/MoriDistrictGame 5.7/Content/kar/kharkovchanka_Misc_OcclusionRoughnessMetallic.uasset" 1325
"G:/UNI/Masters/ENDGAME/MoriDistrictGame 5.7/Content/kar/kharkovchanka_Misc_OcclusionRoughnessMetallic.ubulk" 1326
"G:/UNI/Masters/ENDGAME/MoriDistrictGame 5.7/Content/kar/kharkovchanka_Misc_OcclusionRoughnessMetallic.uexp" 1327
"G:/UNI/Masters/ENDGAME/MoriDistrictGame 5.7/Content/kar/kar_misc.uasset" 1328
"G:/UNI/Masters/ENDGAME/MoriDistrictGame 5.7/Content/kar/kar_misc.uexp" 1329
"G:/UNI/Masters/ENDGAME/MoriDistrictGame 5.7/Content/kar/tanktrack_Track_BaseColor.uasset" 1330
"G:/UNI/Masters/ENDGAME/MoriDistrictGame 5.7/Content/kar/tanktrack_Track_BaseColor.ubulk" 1331
"G:/UNI/Masters/ENDGAME/MoriDistrictGame 5.7/Content/kar/tanktrack_Track_BaseColor.uexp" 1332
"G:/UNI/Masters/ENDGAME/MoriDistrictGame 5.7/Content/kar/tanktrack_Track_Normal.uasset" 1333
"G:/UNI/Masters/ENDGAME/MoriDistrictGame 5.7/Content/kar/tanktrack_Track_Normal.ubulk" 1334
"G:/UNI/Masters/ENDGAME/MoriDistrictGame 5.7/Content/kar/tanktrack_Track_Normal.uexp" 1335
"G:/UNI/Masters/ENDGAME/MoriDistrictGame 5.7/Content/kar/tanktrack_Track_OcclusionRoughnessMetallic.uasset" 1336
"G:/UNI/Masters/ENDGAME/MoriDistrictGame 5.7/Content/kar/tanktrack_Track_OcclusionRoughnessMetallic.ubulk" 1337
"G:/UNI/Masters/ENDGAME/MoriDistrictGame 5.7/Content/kar/tanktrack_Track_OcclusionRoughnessMetallic.uexp" 1338
"G:/UNI/Masters/ENDGAME/MoriDistrictGame 5.7/Content/kar/Kar_tracks.uasset" 1339
"G:/UNI/Masters/ENDGAME/MoriDistrictGame 5.7/Content/kar/Kar_tracks.uexp" 1340
"G:/UNI/Masters/ENDGAME/MoriDistrictGame 5.7/Content/kar/Wheels_BaseColor.uasset" 1341
"G:/UNI/Masters/ENDGAME/MoriDistrictGame 5.7/Content/kar/Wheels_BaseColor.ubulk" 1342
"G:/UNI/Masters/ENDGAME/MoriDistrictGame 5.7/Content/kar/Wheels_BaseColor.uexp" 1343
"G:/UNI/Masters/ENDGAME/MoriDistrictGame 5.7/Content/kar/Wheels_Normal.uasset" 1344
"G:/UNI/Masters/ENDGAME/MoriDistrictGame 5.7/Content/kar/Wheels_Normal.ubulk" 1345
"G:/UNI/Masters/ENDGAME/MoriDistrictGame 5.7/Content/kar/Wheels_Normal.uexp" 1346
"G:/UNI/Masters/ENDGAME/MoriDistrictGame 5.7/Content/kar/Wheels_OcclusionRoughnessMetallic.uasset" 1347
"G:/UNI/Masters/ENDGAME/MoriDistrictGame 5.7/Content/kar/Wheels_OcclusionRoughnessMetallic.ubulk" 1348
"G:/UNI/Masters/ENDGAME/MoriDistrictGame 5.7/Content/kar/Wheels_OcclusionRoughnessMetallic.uexp" 1349
"G:/UNI/Masters/ENDGAME/MoriDistrictGame 5.7/Content/kar/kar_wheel.uasset" 1350
"G:/UNI/Masters/ENDGAME/MoriDistrictGame 5.7/Content/kar/kar_wheel.uexp" 1351
"G:/UNI/Masters/ENDGAME/MoriDistrictGame 5.7/Content/kar/kharkovchanka_static.uasset" 1352
"G:/UNI/Masters/ENDGAME/MoriDistrictGame 5.7/Content/kar/kharkovchanka_static.ubulk" 1353
"G:/UNI/Masters/ENDGAME/MoriDistrictGame 5.7/Content/kar/kharkovchanka_static.uexp" 1354
"G:/UNI/Masters/ENDGAME/MoriDistrictGame 5.7/Content/kar/SKM_kharkovchanka_static_Physics.uasset" 1355
"G:/UNI/Masters/ENDGAME/MoriDistrictGame 5.7/Content/kar/SKM_kharkovchanka_static_Physics.uexp" 1356
"G:/UNI/Masters/ENDGAME/MoriDistrictGame 5.7/Content/kar/SK_kharkovchanka_static.uasset" 1357
"G:/UNI/Masters/ENDGAME/MoriDistrictGame 5.7/Content/kar/SK_kharkovchanka_static.uexp" 1358
"G:/UNI/Masters/ENDGAME/MoriDistrictGame 5.7/Content/kar/SKM_kharkovchanka_static.uasset" 1359
"G:/UNI/Masters/ENDGAME/MoriDistrictGame 5.7/Content/kar/SKM_kharkovchanka_static.uexp" 1360
"G:/UNI/Masters/ENDGAME/MoriDistrictGame 5.7/Content/Kar_bp/BP_GroundSensing.uasset" 1361
"G:/UNI/Masters/ENDGAME/MoriDistrictGame 5.7/Content/Kar_bp/BP_GroundSensing.uexp" 1362
"G:/UNI/Masters/ENDGAME/MoriDistrictGame 5.7/Content/Input/IMC_Default.uasset" 1363
"G:/UNI/Masters/ENDGAME/MoriDistrictGame 5.7/Content/Input/IMC_Default.uexp" 1364
"G:/UNI/Masters/ENDGAME/MoriDistrictGame 5.7/Content/Input/IMC_MouseLook.uasset" 1365
"G:/UNI/Masters/ENDGAME/MoriDistrictGame 5.7/Content/Input/IMC_MouseLook.uexp" 1366
"G:/UNI/Masters/ENDGAME/MoriDistrictGame 5.7/Content/FirstPerson/Blueprints/BP_FirstPersonCameraManager.uasset" 1367
"G:/UNI/Masters/ENDGAME/MoriDistrictGame 5.7/Content/FirstPerson/Blueprints/BP_FirstPersonCameraManager.uexp" 1368
"../../../Engine/Content/MobileResources/HUD/VirtualJoystick_Thumb.uasset" 1369
"../../../Engine/Content/MobileResources/HUD/VirtualJoystick_Thumb.uexp" 1370
"G:/UNI/Masters/ENDGAME/MoriDistrictGame 5.7/Content/Input/Touch/BPI_TouchInterface.uasset" 1371
"G:/UNI/Masters/ENDGAME/MoriDistrictGame 5.7/Content/Input/Touch/BPI_TouchInterface.uexp" 1372
"../../../Engine/Content/MobileResources/HUD/VirtualJoystick_Background.uasset" 1373
"../../../Engine/Content/MobileResources/HUD/VirtualJoystick_Background.uexp" 1374
"G:/UNI/Masters/ENDGAME/MoriDistrictGame 5.7/Content/Input/Touch/UI_Thumbstick.uasset" 1375
"G:/UNI/Masters/ENDGAME/MoriDistrictGame 5.7/Content/Input/Touch/UI_Thumbstick.uexp" 1376
"G:/UNI/Masters/ENDGAME/MoriDistrictGame 5.7/Content/Input/Touch/UI_TouchSimple.uasset" 1377
"G:/UNI/Masters/ENDGAME/MoriDistrictGame 5.7/Content/Input/Touch/UI_TouchSimple.uexp" 1378
"G:/UNI/Masters/ENDGAME/MoriDistrictGame 5.7/Content/FirstPerson/Blueprints/BP_FirstPersonPlayerController.uasset" 1379
"G:/UNI/Masters/ENDGAME/MoriDistrictGame 5.7/Content/FirstPerson/Blueprints/BP_FirstPersonPlayerController.uexp" 1380
"G:/UNI/Masters/ENDGAME/MoriDistrictGame 5.7/Content/sound/engineidle.uasset" 1381
"G:/UNI/Masters/ENDGAME/MoriDistrictGame 5.7/Content/sound/engineidle.ubulk" 1382
"G:/UNI/Masters/ENDGAME/MoriDistrictGame 5.7/Content/sound/engineidle.uexp" 1383
"G:/UNI/Masters/ENDGAME/MoriDistrictGame 5.7/Content/sound/tanktrancks_rattle.uasset" 1384
"G:/UNI/Masters/ENDGAME/MoriDistrictGame 5.7/Content/sound/tanktrancks_rattle.ubulk" 1385
"G:/UNI/Masters/ENDGAME/MoriDistrictGame 5.7/Content/sound/tanktrancks_rattle.uexp" 1386
"../../../Engine/Plugins/Marketplace/BobsScan9824cc5c9e03V6/Content/Input/DemoInput/IA_Look.uasset" 1387
"../../../Engine/Plugins/Marketplace/BobsScan9824cc5c9e03V6/Content/Input/DemoInput/IA_Look.uexp" 1388
"../../../Engine/Plugins/Marketplace/BobsScan9824cc5c9e03V6/Content/Input/DemoInput/IA_Move.uasset" 1389
"../../../Engine/Plugins/Marketplace/BobsScan9824cc5c9e03V6/Content/Input/DemoInput/IA_Move.uexp" 1390
"../../../Engine/Plugins/Marketplace/BobsScan9824cc5c9e03V6/Content/Input/DemoInput/IMX_DemoInput.uasset" 1391
"../../../Engine/Plugins/Marketplace/BobsScan9824cc5c9e03V6/Content/Input/DemoInput/IMX_DemoInput.uexp" 1392
"G:/UNI/Masters/ENDGAME/MoriDistrictGame 5.7/Content/Kar_bp/BP_Kar.uasset" 1393
"G:/UNI/Masters/ENDGAME/MoriDistrictGame 5.7/Content/Kar_bp/BP_Kar.uexp" 1394
"G:/UNI/Masters/ENDGAME/MoriDistrictGame 5.7/Content/LIDAR/Circle_plane.uasset" 1395
"G:/UNI/Masters/ENDGAME/MoriDistrictGame 5.7/Content/LIDAR/Circle_plane.ubulk" 1396
"G:/UNI/Masters/ENDGAME/MoriDistrictGame 5.7/Content/LIDAR/Circle_plane.uexp" 1397
"G:/UNI/Masters/ENDGAME/MoriDistrictGame 5.7/Content/LIDAR/Material/White-Circle-PNG-HD-Image.uasset" 1398
"G:/UNI/Masters/ENDGAME/MoriDistrictGame 5.7/Content/LIDAR/Material/White-Circle-PNG-HD-Image.ubulk" 1399
"G:/UNI/Masters/ENDGAME/MoriDistrictGame 5.7/Content/LIDAR/Material/White-Circle-PNG-HD-Image.uexp" 1400
"G:/UNI/Masters/ENDGAME/MoriDistrictGame 5.7/Content/LIDAR/Material/M_Decal.uasset" 1401
"G:/UNI/Masters/ENDGAME/MoriDistrictGame 5.7/Content/LIDAR/Material/M_Decal.uexp" 1402
"../../../Engine/Plugins/Animation/ControlRig/Content/Controls/DefaultGizmoLibraryNormalized.uasset" 1403
"../../../Engine/Plugins/Animation/ControlRig/Content/Controls/DefaultGizmoLibraryNormalized.uexp" 1404
"G:/UNI/Masters/ENDGAME/MoriDistrictGame 5.7/Content/FirstPerson/Anims/CtrlRig_FPWarp.uasset" 1405
"G:/UNI/Masters/ENDGAME/MoriDistrictGame 5.7/Content/FirstPerson/Anims/CtrlRig_FPWarp.uexp" 1406
"G:/UNI/Masters/ENDGAME/MoriDistrictGame 5.7/Content/FirstPerson/Anims/ABP_FP_Copy.uasset" 1407
"G:/UNI/Masters/ENDGAME/MoriDistrictGame 5.7/Content/FirstPerson/Anims/ABP_FP_Copy.uexp" 1408
"G:/UNI/Masters/ENDGAME/MoriDistrictGame 5.7/Content/Characters/Mannequins/Materials/Manny/MI_Manny_01_New.uasset" 1409
"G:/UNI/Masters/ENDGAME/MoriDistrictGame 5.7/Content/Characters/Mannequins/Materials/Manny/MI_Manny_01_New.uexp" 1410
"G:/UNI/Masters/ENDGAME/MoriDistrictGame 5.7/Content/Characters/Mannequins/Textures/Manny/T_Manny_02_BN.uasset" 1411
"G:/UNI/Masters/ENDGAME/MoriDistrictGame 5.7/Content/Characters/Mannequins/Textures/Manny/T_Manny_02_BN.ubulk" 1412
"G:/UNI/Masters/ENDGAME/MoriDistrictGame 5.7/Content/Characters/Mannequins/Textures/Manny/T_Manny_02_BN.uexp" 1413
"G:/UNI/Masters/ENDGAME/MoriDistrictGame 5.7/Content/Characters/Mannequins/Textures/Manny/T_Manny_02_D.uasset" 1414
"G:/UNI/Masters/ENDGAME/MoriDistrictGame 5.7/Content/Characters/Mannequins/Textures/Manny/T_Manny_02_D.ubulk" 1415
"G:/UNI/Masters/ENDGAME/MoriDistrictGame 5.7/Content/Characters/Mannequins/Textures/Manny/T_Manny_02_D.uexp" 1416
"G:/UNI/Masters/ENDGAME/MoriDistrictGame 5.7/Content/Characters/Mannequins/Textures/Manny/T_Manny_02_MRA.uasset" 1417
"G:/UNI/Masters/ENDGAME/MoriDistrictGame 5.7/Content/Characters/Mannequins/Textures/Manny/T_Manny_02_MRA.ubulk" 1418
"G:/UNI/Masters/ENDGAME/MoriDistrictGame 5.7/Content/Characters/Mannequins/Textures/Manny/T_Manny_02_MRA.uexp" 1419
"G:/UNI/Masters/ENDGAME/MoriDistrictGame 5.7/Content/Characters/Mannequins/Materials/Manny/MI_Manny_02_New.uasset" 1420
"G:/UNI/Masters/ENDGAME/MoriDistrictGame 5.7/Content/Characters/Mannequins/Materials/Manny/MI_Manny_02_New.uexp" 1421
"G:/UNI/Masters/ENDGAME/MoriDistrictGame 5.7/Content/Characters/Mannequins/Meshes/SKM_Manny_Simple.uasset" 1422
"G:/UNI/Masters/ENDGAME/MoriDistrictGame 5.7/Content/Characters/Mannequins/Meshes/SKM_Manny_Simple.uexp" 1423
"G:/UNI/Masters/ENDGAME/MoriDistrictGame 5.7/Content/LIDAR/Blueprints/ST_PointInfo.uasset" 1424
"G:/UNI/Masters/ENDGAME/MoriDistrictGame 5.7/Content/LIDAR/Blueprints/ST_PointInfo.uexp" 1425
"G:/UNI/Masters/ENDGAME/MoriDistrictGame 5.7/Content/LIDAR/Inputs/IA_Switch.uasset" 1426
"G:/UNI/Masters/ENDGAME/MoriDistrictGame 5.7/Content/LIDAR/Inputs/IA_Switch.uexp" 1427
"../../../Engine/Content/Functions/Engine_MaterialFunctions02/WorldPositionOffset/ComponentPivotLocation.uasset" 1428
"../../../Engine/Content/Functions/Engine_MaterialFunctions02/WorldPositionOffset/ComponentPivotLocation.uexp" 1429
"../../../Engine/Content/Functions/Engine_MaterialFunctions02/WorldPositionOffset/Sprite.uasset" 1430
"../../../Engine/Content/Functions/Engine_MaterialFunctions02/WorldPositionOffset/Sprite.uexp" 1431
"G:/UNI/Masters/ENDGAME/MoriDistrictGame 5.7/Content/LIDAR/Material/M_Point.uasset" 1432
"G:/UNI/Masters/ENDGAME/MoriDistrictGame 5.7/Content/LIDAR/Material/M_Point.uexp" 1433
"G:/UNI/Masters/ENDGAME/MoriDistrictGame 5.7/Content/Characters/Mannequins/Rigs/CR_Mannequin_FootIK.uasset" 1434
"G:/UNI/Masters/ENDGAME/MoriDistrictGame 5.7/Content/Characters/Mannequins/Rigs/CR_Mannequin_FootIK.uexp" 1435
"../../../Engine/Content/Animation/DefaultAnimBoneCompressionSettings.uasset" 1436
"../../../Engine/Content/Animation/DefaultAnimBoneCompressionSettings.uexp" 1437
"../../../Engine/Content/Animation/DefaultAnimCurveCompressionSettings.uasset" 1438
"../../../Engine/Content/Animation/DefaultAnimCurveCompressionSettings.uexp" 1439
"G:/UNI/Masters/ENDGAME/MoriDistrictGame 5.7/Content/Characters/Mannequins/Anims/Unarmed/MM_Idle.uasset" 1440
"G:/UNI/Masters/ENDGAME/MoriDistrictGame 5.7/Content/Characters/Mannequins/Anims/Unarmed/MM_Idle.uexp" 1441
"G:/UNI/Masters/ENDGAME/MoriDistrictGame 5.7/Content/Characters/Mannequins/Anims/Unarmed/Jog/MF_Unarmed_Jog_Bwd.uasset" 1442
"G:/UNI/Masters/ENDGAME/MoriDistrictGame 5.7/Content/Characters/Mannequins/Anims/Unarmed/Jog/MF_Unarmed_Jog_Bwd.uexp" 1443
"../../../Engine/Content/Animation/DefaultRecorderBoneCompression.uasset" 1444
"../../../Engine/Content/Animation/DefaultRecorderBoneCompression.uexp" 1445
"G:/UNI/Masters/ENDGAME/MoriDistrictGame 5.7/Content/Characters/Mannequins/Anims/Unarmed/Jog/MF_Unarmed_Jog_Bwd_Left.uasset" 1446
"G:/UNI/Masters/ENDGAME/MoriDistrictGame 5.7/Content/Characters/Mannequins/Anims/Unarmed/Jog/MF_Unarmed_Jog_Bwd_Left.uexp" 1447
"G:/UNI/Masters/ENDGAME/MoriDistrictGame 5.7/Content/Characters/Mannequins/Anims/Unarmed/Jog/MF_Unarmed_Jog_Bwd_Right.uasset" 1448
"G:/UNI/Masters/ENDGAME/MoriDistrictGame 5.7/Content/Characters/Mannequins/Anims/Unarmed/Jog/MF_Unarmed_Jog_Bwd_Right.uexp" 1449
"G:/UNI/Masters/ENDGAME/MoriDistrictGame 5.7/Content/DynamicWeather/Footsteps/Sounds/GrassStep.uasset" 1450
"G:/UNI/Masters/ENDGAME/MoriDistrictGame 5.7/Content/DynamicWeather/Footsteps/Sounds/GrassStep.ubulk" 1451
"G:/UNI/Masters/ENDGAME/MoriDistrictGame 5.7/Content/DynamicWeather/Footsteps/Sounds/GrassStep.uexp" 1452
"G:/UNI/Masters/ENDGAME/MoriDistrictGame 5.7/Content/DynamicWeather/Footsteps/Sounds/RockStep.uasset" 1453
"G:/UNI/Masters/ENDGAME/MoriDistrictGame 5.7/Content/DynamicWeather/Footsteps/Sounds/RockStep.ubulk" 1454
"G:/UNI/Masters/ENDGAME/MoriDistrictGame 5.7/Content/DynamicWeather/Footsteps/Sounds/RockStep.uexp" 1455
"G:/UNI/Masters/ENDGAME/MoriDistrictGame 5.7/Content/DynamicWeather/Footsteps/Sounds/SandStep.uasset" 1456
"G:/UNI/Masters/ENDGAME/MoriDistrictGame 5.7/Content/DynamicWeather/Footsteps/Sounds/SandStep.ubulk" 1457
"G:/UNI/Masters/ENDGAME/MoriDistrictGame 5.7/Content/DynamicWeather/Footsteps/Sounds/SandStep.uexp" 1458
"G:/UNI/Masters/ENDGAME/MoriDistrictGame 5.7/Content/DynamicWeather/Footsteps/Sounds/SnowStep.uasset" 1459
"G:/UNI/Masters/ENDGAME/MoriDistrictGame 5.7/Content/DynamicWeather/Footsteps/Sounds/SnowStep.ubulk" 1460
"G:/UNI/Masters/ENDGAME/MoriDistrictGame 5.7/Content/DynamicWeather/Footsteps/Sounds/SnowStep.uexp" 1461
"G:/UNI/Masters/ENDGAME/MoriDistrictGame 5.7/Content/DynamicWeather/Footsteps/AN_PlayFootstepSound.uasset" 1462
"G:/UNI/Masters/ENDGAME/MoriDistrictGame 5.7/Content/DynamicWeather/Footsteps/AN_PlayFootstepSound.uexp" 1463
"G:/UNI/Masters/ENDGAME/MoriDistrictGame 5.7/Content/Characters/Mannequins/Anims/Unarmed/Jog/MF_Unarmed_Jog_Fwd.uasset" 1464
"G:/UNI/Masters/ENDGAME/MoriDistrictGame 5.7/Content/Characters/Mannequins/Anims/Unarmed/Jog/MF_Unarmed_Jog_Fwd.uexp" 1465
"G:/UNI/Masters/ENDGAME/MoriDistrictGame 5.7/Content/Characters/Mannequins/Anims/Unarmed/Jog/MF_Unarmed_Jog_Fwd_Left.uasset" 1466
"G:/UNI/Masters/ENDGAME/MoriDistrictGame 5.7/Content/Characters/Mannequins/Anims/Unarmed/Jog/MF_Unarmed_Jog_Fwd_Left.uexp" 1467
"G:/UNI/Masters/ENDGAME/MoriDistrictGame 5.7/Content/Characters/Mannequins/Anims/Unarmed/Jog/MF_Unarmed_Jog_Fwd_Right.uasset" 1468
"G:/UNI/Masters/ENDGAME/MoriDistrictGame 5.7/Content/Characters/Mannequins/Anims/Unarmed/Jog/MF_Unarmed_Jog_Fwd_Right.uexp" 1469
"G:/UNI/Masters/ENDGAME/MoriDistrictGame 5.7/Content/Characters/Mannequins/Anims/Unarmed/Jog/MF_Unarmed_Jog_Left.uasset" 1470
"G:/UNI/Masters/ENDGAME/MoriDistrictGame 5.7/Content/Characters/Mannequins/Anims/Unarmed/Jog/MF_Unarmed_Jog_Left.uexp" 1471
"G:/UNI/Masters/ENDGAME/MoriDistrictGame 5.7/Content/Characters/Mannequins/Anims/Unarmed/Jog/MF_Unarmed_Jog_Right.uasset" 1472
"G:/UNI/Masters/ENDGAME/MoriDistrictGame 5.7/Content/Characters/Mannequins/Anims/Unarmed/Jog/MF_Unarmed_Jog_Right.uexp" 1473
"G:/UNI/Masters/ENDGAME/MoriDistrictGame 5.7/Content/Characters/Mannequins/Anims/Unarmed/Walk/MF_Unarmed_Walk_Bwd.uasset" 1474
"G:/UNI/Masters/ENDGAME/MoriDistrictGame 5.7/Content/Characters/Mannequins/Anims/Unarmed/Walk/MF_Unarmed_Walk_Bwd.uexp" 1475
"G:/UNI/Masters/ENDGAME/MoriDistrictGame 5.7/Content/Characters/Mannequins/Anims/Unarmed/Walk/MF_Unarmed_Walk_Bwd_Left.uasset" 1476
"G:/UNI/Masters/ENDGAME/MoriDistrictGame 5.7/Content/Characters/Mannequins/Anims/Unarmed/Walk/MF_Unarmed_Walk_Bwd_Left.uexp" 1477
"G:/UNI/Masters/ENDGAME/MoriDistrictGame 5.7/Content/Characters/Mannequins/Anims/Unarmed/Walk/MF_Unarmed_Walk_Bwd_Right.uasset" 1478
"G:/UNI/Masters/ENDGAME/MoriDistrictGame 5.7/Content/Characters/Mannequins/Anims/Unarmed/Walk/MF_Unarmed_Walk_Bwd_Right.uexp" 1479
"G:/UNI/Masters/ENDGAME/MoriDistrictGame 5.7/Content/Characters/Mannequins/Anims/Unarmed/Walk/MF_Unarmed_Walk_Fwd.uasset" 1480
"G:/UNI/Masters/ENDGAME/MoriDistrictGame 5.7/Content/Characters/Mannequins/Anims/Unarmed/Walk/MF_Unarmed_Walk_Fwd.uexp" 1481
"G:/UNI/Masters/ENDGAME/MoriDistrictGame 5.7/Content/Characters/Mannequins/Anims/Unarmed/Walk/MF_Unarmed_Walk_Fwd_Left.uasset" 1482
"G:/UNI/Masters/ENDGAME/MoriDistrictGame 5.7/Content/Characters/Mannequins/Anims/Unarmed/Walk/MF_Unarmed_Walk_Fwd_Left.uexp" 1483
"G:/UNI/Masters/ENDGAME/MoriDistrictGame 5.7/Content/Characters/Mannequins/Anims/Unarmed/Walk/MF_Unarmed_Walk_Fwd_Right.uasset" 1484
"G:/UNI/Masters/ENDGAME/MoriDistrictGame 5.7/Content/Characters/Mannequins/Anims/Unarmed/Walk/MF_Unarmed_Walk_Fwd_Right.uexp" 1485
"G:/UNI/Masters/ENDGAME/MoriDistrictGame 5.7/Content/Characters/Mannequins/Anims/Unarmed/Walk/MF_Unarmed_Walk_Left.uasset" 1486
"G:/UNI/Masters/ENDGAME/MoriDistrictGame 5.7/Content/Characters/Mannequins/Anims/Unarmed/Walk/MF_Unarmed_Walk_Left.uexp" 1487
"G:/UNI/Masters/ENDGAME/MoriDistrictGame 5.7/Content/Characters/Mannequins/Anims/Unarmed/Walk/MF_Unarmed_Walk_Right.uasset" 1488
"G:/UNI/Masters/ENDGAME/MoriDistrictGame 5.7/Content/Characters/Mannequins/Anims/Unarmed/Walk/MF_Unarmed_Walk_Right.uexp" 1489
"G:/UNI/Masters/ENDGAME/MoriDistrictGame 5.7/Content/Characters/Mannequins/Anims/Unarmed/BS_Idle_Walk_Run.uasset" 1490
"G:/UNI/Masters/ENDGAME/MoriDistrictGame 5.7/Content/Characters/Mannequins/Anims/Unarmed/BS_Idle_Walk_Run.uexp" 1491
"G:/UNI/Masters/ENDGAME/MoriDistrictGame 5.7/Content/Characters/Mannequins/Anims/Unarmed/Jump/MM_Fall_Loop.uasset" 1492
"G:/UNI/Masters/ENDGAME/MoriDistrictGame 5.7/Content/Characters/Mannequins/Anims/Unarmed/Jump/MM_Fall_Loop.uexp" 1493
"G:/UNI/Masters/ENDGAME/MoriDistrictGame 5.7/Content/Characters/Mannequins/Anims/Unarmed/Jump/MM_Jump.uasset" 1494
"G:/UNI/Masters/ENDGAME/MoriDistrictGame 5.7/Content/Characters/Mannequins/Anims/Unarmed/Jump/MM_Jump.uexp" 1495
"G:/UNI/Masters/ENDGAME/MoriDistrictGame 5.7/Content/Characters/Mannequins/Anims/Unarmed/Jump/MM_Land.uasset" 1496
"G:/UNI/Masters/ENDGAME/MoriDistrictGame 5.7/Content/Characters/Mannequins/Anims/Unarmed/Jump/MM_Land.uexp" 1497
"G:/UNI/Masters/ENDGAME/MoriDistrictGame 5.7/Content/Characters/Mannequins/Anims/Unarmed/ABP_Unarmed.uasset" 1498
"G:/UNI/Masters/ENDGAME/MoriDistrictGame 5.7/Content/Characters/Mannequins/Anims/Unarmed/ABP_Unarmed.uexp" 1499
"G:/UNI/Masters/ENDGAME/MoriDistrictGame 5.7/Content/FirstPerson/Blueprints/BP_FirstPersonCharacter.uasset" 1500
"G:/UNI/Masters/ENDGAME/MoriDistrictGame 5.7/Content/FirstPerson/Blueprints/BP_FirstPersonCharacter.uexp" 1501
"G:/UNI/Masters/ENDGAME/MoriDistrictGame 5.7/Content/FirstPerson/Blueprints/BP_FirstPersonGameMode.uasset" 1502
"G:/UNI/Masters/ENDGAME/MoriDistrictGame 5.7/Content/FirstPerson/Blueprints/BP_FirstPersonGameMode.uexp" 1503
"G:/UNI/Masters/ENDGAME/MoriDistrictGame 5.7/Content/FirstPerson/Lvl_FirstPerson.umap" 1504
"G:/UNI/Masters/ENDGAME/MoriDistrictGame 5.7/Content/FirstPerson/Lvl_FirstPerson.uexp" 1505
"../../../Engine/Content/Maps/Entry_BuiltData.uasset" 1506
"../../../Engine/Content/Maps/Entry_BuiltData.uexp" 1507
"../../../Engine/Content/Maps/Entry.umap" 1508
"../../../Engine/Content/Maps/Entry.uexp" 1509
